Timestamp,Source
1784205721570,Front
1784205721604,Front
1784205721637,Front
1784205721670,Front
1784205721704,Front
1784205721737,Front
1784205721770,Front
1784205721804,Front
1784205721837,Front
1784205721870,Front
1784205721904,Front
1784205721937,Front
1784205721970,Front
1784205722004,Front
1784205722037,Front
1784205722070,Front
1784205722104,Front
1784205722137,Front
1784205722170,Front
1784205722204,Front
1784205722237,Front
1784205722270,Front
1784205722304,Front
1784205722337,Front
1784205722370,Front
1784205722404,Front
1784205722437,Front
1784205722470,Front
1784205722504,Front
1784205722537,Front
1784205721580,Back
1784205721613,Back
1784205721646,Back
1784205721680,Back
1784205721713,Back
1784205721746,Back
1784205721780,Back
1784205721813,Back
1784205721846,Back
1784205721880,Back
1784205721913,Back
1784205721946,Back
1784205721980,Back
1784205722013,Back
1784205722047,Back
1784205722080,Back
1784205722113,Back
1784205722147,Back
1784205722180,Back
1784205722213,Back
1784205722247,Back
1784205722280,Back
1784205722313,Back
1784205722347,Back
1784205722380,Back
1784205722413,Back
1784205722447,Back
1784205722480,Back
1784205722513,Back
1784205722547,Back
1784205722570,Front
1784205722604,Front
1784205722637,Front
1784205722670,Front
1784205722704,Front
1784205722737,Front
1784205722770,Front
1784205722804,Front
1784205722837,Front
1784205722870,Front
1784205722904,Front
1784205722937,Front
1784205722970,Front
1784205723004,Front
1784205723037,Front
1784205723070,Front
1784205723104,Front
1784205723137,Front
1784205723170,Front
1784205723204,Front
1784205723237,Front
1784205723270,Front
1784205723304,Front
1784205723337,Front
1784205723370,Front
1784205723404,Front
1784205723437,Front
1784205723470,Front
1784205723504,Front
1784205723537,Front
1784205722580,Back
1784205722613,Back
1784205722647,Back
1784205722680,Back
1784205722713,Back
1784205722747,Back
1784205722780,Back
1784205722813,Back
1784205722847,Back
1784205722880,Back
1784205722914,Back
1784205722947,Back
1784205722980,Back
1784205723014,Back
1784205723047,Back
1784205723080,Back
1784205723114,Back
1784205723147,Back
1784205723180,Back
1784205723214,Back
1784205723247,Back
1784205723280,Back
1784205723314,Back
1784205723347,Back
1784205723380,Back
1784205723414,Back
1784205723447,Back
1784205723480,Back
1784205723514,Back
1784205723547,Back
1784205723570,Front
1784205723604,Front
1784205723637,Front
1784205723670,Front
1784205723704,Front
1784205723737,Front
1784205723770,Front
1784205723804,Front
1784205723837,Front
1784205723870,Front
1784205723904,Front
1784205723937,Front
1784205723970,Front
1784205724004,Front
1784205724037,Front
1784205724070,Front
1784205724104,Front
1784205724137,Front
1784205724170,Front
1784205724204,Front
1784205724237,Front
1784205724270,Front
1784205724304,Front
1784205724337,Front
1784205724370,Front
1784205724404,Front
1784205724437,Front
1784205724470,Front
1784205724504,Front
1784205724537,Front
1784205723580,Back
1784205723614,Back
1784205723647,Back
1784205723680,Back
1784205723714,Back
1784205723747,Back
1784205723781,Back
1784205723814,Back
1784205723847,Back
1784205723881,Back
1784205723914,Back
1784205723947,Back
1784205723981,Back
1784205724014,Back
1784205724047,Back
1784205724081,Back
1784205724114,Back
1784205724147,Back
1784205724181,Back
1784205724214,Back
1784205724247,Back
1784205724281,Back
1784205724314,Back
1784205724347,Back
1784205724381,Back
1784205724414,Back
1784205724447,Back
1784205724481,Back
1784205724514,Back
1784205724570,Front
1784205724604,Front
1784205724637,Front
1784205724670,Front
1784205724704,Front
1784205724737,Front
1784205724770,Front
1784205724804,Front
1784205724837,Front
1784205724870,Front
1784205724904,Front
1784205724937,Front
1784205724970,Front
1784205725004,Front
1784205725037,Front
1784205725070,Front
1784205725104,Front
1784205725137,Front
1784205725170,Front
1784205725204,Front
1784205725237,Front
1784205725270,Front
1784205725304,Front
1784205725337,Front
1784205725370,Front
1784205725404,Front
1784205725437,Front
1784205725470,Front
1784205725504,Front
1784205725537,Front
1784205724547,Back
1784205724581,Back
1784205724614,Back
1784205724647,Back
1784205724681,Back
1784205724714,Back
1784205724748,Back
1784205724781,Back
1784205724814,Back
1784205724848,Back
1784205724881,Back
1784205724914,Back
1784205724948,Back
1784205724981,Back
1784205725014,Back
1784205725048,Back
1784205725081,Back
1784205725114,Back
1784205725148,Back
1784205725181,Back
1784205725214,Back
1784205725248,Back
1784205725281,Back
1784205725314,Back
1784205725348,Back
1784205725381,Back
1784205725414,Back
1784205725448,Back
1784205725481,Back
1784205725514,Back
1784205725548,Back
1784205725570,Front
1784205725604,Front
1784205725637,Front
1784205725670,Front
1784205725704,Front
1784205725737,Front
1784205725770,Front
1784205725804,Front
1784205725837,Front
1784205725870,Front
1784205725904,Front
1784205725937,Front
1784205725970,Front
1784205726004,Front
1784205726037,Front
1784205726070,Front
1784205726104,Front
1784205726137,Front
1784205726170,Front
1784205726204,Front
1784205726237,Front
1784205726270,Front
1784205726304,Front
1784205726337,Front
1784205726370,Front
1784205726404,Front
1784205726437,Front
1784205726470,Front
1784205726504,Front
1784205726537,Front
1784205725581,Back
1784205725615,Back
1784205725648,Back
1784205725681,Back
1784205725715,Back
1784205725748,Back
1784205725781,Back
1784205725815,Back
1784205725848,Back
1784205725881,Back
1784205725915,Back
1784205725948,Back
1784205725981,Back
1784205726015,Back
1784205726048,Back
1784205726081,Back
1784205726115,Back
1784205726148,Back
1784205726181,Back
1784205726215,Back
1784205726248,Back
1784205726281,Back
1784205726315,Back
1784205726348,Back
1784205726381,Back
1784205726415,Back
1784205726448,Back
1784205726482,Back
1784205726515,Back
1784205726548,Back
1784205726570,Front
1784205726604,Front
1784205726637,Front
1784205726670,Front
1784205726704,Front
1784205726737,Front
1784205726770,Front
1784205726804,Front
1784205726837,Front
1784205726870,Front
1784205726904,Front
1784205726937,Front
1784205726970,Front
1784205727004,Front
1784205727037,Front
1784205727070,Front
1784205727104,Front
1784205727137,Front
1784205727170,Front
1784205727204,Front
1784205727237,Front
1784205727270,Front
1784205727304,Front
1784205727337,Front
1784205727370,Front
1784205727404,Front
1784205727437,Front
1784205727470,Front
1784205727504,Front
1784205727537,Front
1784205726582,Back
1784205726615,Back
1784205726648,Back
1784205726682,Back
1784205726715,Back
1784205726748,Back
1784205726782,Back
1784205726815,Back
1784205726848,Back
1784205726882,Back
1784205726915,Back
1784205726948,Back
1784205726982,Back
1784205727015,Back
1784205727048,Back
1784205727082,Back
1784205727115,Back
1784205727148,Back
1784205727182,Back
1784205727215,Back
1784205727248,Back
1784205727282,Back
1784205727315,Back
1784205727348,Back
1784205727382,Back
1784205727415,Back
1784205727449,Back
1784205727482,Back
1784205727515,Back
1784205727549,Back
1784205727570,Front
1784205727604,Front
1784205727637,Front
1784205727670,Front
1784205727704,Front
1784205727737,Front
1784205727770,Front
1784205727804,Front
1784205727837,Front
1784205727870,Front
1784205727904,Front
1784205727937,Front
1784205727970,Front
1784205728004,Front
1784205728037,Front
1784205728070,Front
1784205728104,Front
1784205728137,Front
1784205728170,Front
1784205728204,Front
1784205728237,Front
1784205728270,Front
1784205728304,Front
1784205728337,Front
1784205728370,Front
1784205728404,Front
1784205728437,Front
1784205728470,Front
1784205728504,Front
1784205728537,Front
1784205727582,Back
1784205727615,Back
1784205727649,Back
1784205727682,Back
1784205727715,Back
1784205727749,Back
1784205727782,Back
1784205727815,Back
1784205727849,Back
1784205727882,Back
1784205727915,Back
1784205727949,Back
1784205727982,Back
1784205728015,Back
1784205728049,Back
1784205728082,Back
1784205728115,Back
1784205728149,Back
1784205728182,Back
1784205728215,Back
1784205728249,Back
1784205728282,Back
1784205728316,Back
1784205728349,Back
1784205728382,Back
1784205728416,Back
1784205728449,Back
1784205728482,Back
1784205728516,Back
1784205728549,Back
1784205728570,Front
1784205728604,Front
1784205728637,Front
1784205728670,Front
1784205728704,Front
1784205728737,Front
1784205728770,Front
1784205728804,Front
1784205728837,Front
1784205728870,Front
1784205728904,Front
1784205728937,Front
1784205728970,Front
1784205729004,Front
1784205729037,Front
1784205729070,Front
1784205729104,Front
1784205729137,Front
1784205729170,Front
1784205729204,Front
1784205729237,Front
1784205729270,Front
1784205729304,Front
1784205729337,Front
1784205729370,Front
1784205729404,Front
1784205729437,Front
1784205729470,Front
1784205729504,Front
1784205729537,Front
1784205728582,Back
1784205728616,Back
1784205728649,Back
1784205728682,Back
1784205728716,Back
1784205728749,Back
1784205728782,Back
1784205728816,Back
1784205728849,Back
1784205728882,Back
1784205728916,Back
1784205728949,Back
1784205728982,Back
1784205729016,Back
1784205729049,Back
1784205729082,Back
1784205729116,Back
1784205729149,Back
1784205729182,Back
1784205729216,Back
1784205729249,Back
1784205729283,Back
1784205729316,Back
1784205729349,Back
1784205729383,Back
1784205729416,Back
1784205729449,Back
1784205729483,Back
1784205729516,Back
1784205729549,Back
1784205729570,Front
1784205729604,Front
1784205729637,Front
1784205729670,Front
1784205729704,Front
1784205729737,Front
1784205729770,Front
1784205729804,Front
1784205729837,Front
1784205729870,Front
1784205729904,Front
1784205729937,Front
1784205729970,Front
1784205730004,Front
1784205730037,Front
1784205730070,Front
1784205730104,Front
1784205730137,Front
1784205730170,Front
1784205730204,Front
1784205730237,Front
1784205730270,Front
1784205730304,Front
1784205730337,Front
1784205730370,Front
1784205730404,Front
1784205730437,Front
1784205730470,Front
1784205730504,Front
1784205730537,Front
1784205729583,Back
1784205729616,Back
1784205729649,Back
1784205729683,Back
1784205729716,Back
1784205729749,Back
1784205729783,Back
1784205729816,Back
1784205729849,Back
1784205729883,Back
1784205729916,Back
1784205729949,Back
1784205729983,Back
1784205730016,Back
1784205730049,Back
1784205730083,Back
1784205730116,Back
1784205730150,Back
1784205730183,Back
1784205730216,Back
1784205730250,Back
1784205730283,Back
1784205730316,Back
1784205730350,Back
1784205730383,Back
1784205730416,Back
1784205730450,Back
1784205730483,Back
1784205730516,Back
1784205730550,Back
1784205730570,Front
1784205730604,Front
1784205730637,Front
1784205730670,Front
1784205730704,Front
1784205730737,Front
1784205730770,Front
1784205730804,Front
1784205730837,Front
1784205730870,Front
1784205730904,Front
1784205730937,Front
1784205730970,Front
1784205731004,Front
1784205731037,Front
1784205731070,Front
1784205731104,Front
1784205731137,Front
1784205731170,Front
1784205731204,Front
1784205731237,Front
1784205731270,Front
1784205731304,Front
1784205731337,Front
1784205731370,Front
1784205731404,Front
1784205731437,Front
1784205731470,Front
1784205731504,Front
1784205731537,Front
1784205730583,Back
1784205730616,Back
1784205730650,Back
1784205730683,Back
1784205730716,Back
1784205730750,Back
1784205730783,Back
1784205730816,Back
1784205730850,Back
1784205730883,Back
1784205730916,Back
1784205730950,Back
1784205730983,Back
1784205731017,Back
1784205731050,Back
1784205731083,Back
1784205731117,Back
1784205731150,Back
1784205731183,Back
1784205731217,Back
1784205731250,Back
1784205731283,Back
1784205731317,Back
1784205731350,Back
1784205731383,Back
1784205731417,Back
1784205731450,Back
1784205731483,Back
1784205731517,Back
1784205731550,Back
1784205731570,Front
1784205731604,Front
1784205731637,Front
1784205731670,Front
1784205731704,Front
1784205731737,Front
1784205731770,Front
1784205731804,Front
1784205731837,Front
1784205731870,Front
1784205731904,Front
1784205731937,Front
1784205731970,Front
1784205732004,Front
1784205732037,Front
1784205732070,Front
1784205732104,Front
1784205732137,Front
1784205732170,Front
1784205732204,Front
1784205732237,Front
1784205732270,Front
1784205732304,Front
1784205732337,Front
1784205732370,Front
1784205732404,Front
1784205732437,Front
1784205732470,Front
1784205732504,Front
1784205732537,Front
1784205732570,Front
1784205731583,Back
1784205731617,Back
1784205731650,Back
1784205731683,Back
1784205731717,Back
1784205731750,Back
1784205731783,Back
1784205731817,Back
1784205731850,Back
1784205731883,Back
1784205731917,Back
1784205731950,Back
1784205731984,Back
1784205732017,Back
1784205732050,Back
1784205732084,Back
1784205732117,Back
1784205732150,Back
1784205732184,Back
1784205732217,Back
1784205732250,Back
1784205732284,Back
1784205732317,Back
1784205732350,Back
1784205732384,Back
1784205732417,Back
1784205732450,Back
1784205732484,Back
1784205732517,Back
1784205732550,Back
1784205732604,Front
1784205732637,Front
1784205732670,Front
1784205732704,Front
1784205732737,Front
1784205732770,Front
1784205732804,Front
1784205732837,Front
1784205732870,Front
1784205732904,Front
1784205732937,Front
1784205732970,Front
1784205733004,Front
1784205733037,Front
1784205733070,Front
1784205733104,Front
1784205733137,Front
1784205733170,Front
1784205733204,Front
1784205733237,Front
1784205733270,Front
1784205733304,Front
1784205733337,Front
1784205733370,Front
1784205733404,Front
1784205733437,Front
1784205733470,Front
1784205733504,Front
1784205733537,Front
1784205733570,Front
1784205732584,Back
1784205732617,Back
1784205732650,Back
1784205732684,Back
1784205732717,Back
1784205732750,Back
1784205732784,Back
1784205732817,Back
1784205732851,Back
1784205732884,Back
1784205732917,Back
1784205732951,Back
1784205732984,Back
1784205733017,Back
1784205733051,Back
1784205733084,Back
1784205733117,Back
1784205733151,Back
1784205733184,Back
1784205733217,Back
1784205733251,Back
1784205733284,Back
1784205733317,Back
1784205733351,Back
1784205733384,Back
1784205733417,Back
1784205733451,Back
1784205733484,Back
1784205733517,Back
1784205733551,Back
1784205733604,Front
1784205733637,Front
1784205733670,Front
1784205733704,Front
1784205733737,Front
1784205733770,Front
1784205733804,Front
1784205733837,Front
1784205733870,Front
1784205733904,Front
1784205733937,Front
1784205733970,Front
1784205734004,Front
1784205734037,Front
1784205734070,Front
1784205734104,Front
1784205734137,Front
1784205734170,Front
1784205734204,Front
1784205734237,Front
1784205734270,Front
1784205734304,Front
1784205734337,Front
1784205734370,Front
1784205734404,Front
1784205734437,Front
1784205734470,Front
1784205734504,Front
1784205734537,Front
1784205734570,Front
1784205733584,Back
1784205733617,Back
1784205733651,Back
1784205733684,Back
1784205733717,Back
1784205733751,Back
1784205733784,Back
1784205733818,Back
1784205733851,Back
1784205733884,Back
1784205733918,Back
1784205733951,Back
1784205733984,Back
1784205734018,Back
1784205734051,Back
1784205734084,Back
1784205734118,Back
1784205734151,Back
1784205734184,Back
1784205734218,Back
1784205734251,Back
1784205734284,Back
1784205734318,Back
1784205734351,Back
1784205734384,Back
1784205734418,Back
1784205734451,Back
1784205734484,Back
1784205734518,Back
1784205734551,Back
1784205734604,Front
1784205734637,Front
1784205734670,Front
1784205734704,Front
1784205734737,Front
1784205734770,Front
1784205734804,Front
1784205734837,Front
1784205734870,Front
1784205734904,Front
1784205734937,Front
1784205734970,Front
1784205735004,Front
1784205735037,Front
1784205735070,Front
1784205735104,Front
1784205735137,Front
1784205735170,Front
1784205735204,Front
1784205735237,Front
1784205735270,Front
1784205735304,Front
1784205735337,Front
1784205735370,Front
1784205735404,Front
1784205735437,Front
1784205735470,Front
1784205735504,Front
1784205735537,Front
1784205735570,Front
1784205734584,Back
1784205734618,Back
1784205734651,Back
1784205734685,Back
1784205734718,Back
1784205734751,Back
1784205734785,Back
1784205734818,Back
1784205734851,Back
1784205734885,Back
1784205734918,Back
1784205734951,Back
1784205734985,Back
1784205735018,Back
1784205735051,Back
1784205735085,Back
1784205735118,Back
1784205735151,Back
1784205735185,Back
1784205735218,Back
1784205735251,Back
1784205735285,Back
1784205735318,Back
1784205735351,Back
1784205735385,Back
1784205735418,Back
1784205735451,Back
1784205735485,Back
1784205735518,Back
1784205735552,Back
1784205735604,Front
1784205735637,Front
1784205735670,Front
1784205735704,Front
1784205735737,Front
1784205735770,Front
1784205735804,Front
1784205735837,Front
1784205735870,Front
1784205735904,Front
1784205735937,Front
1784205735970,Front
1784205736004,Front
1784205736037,Front
1784205736070,Front
1784205736104,Front
1784205736137,Front
1784205736170,Front
1784205736204,Front
1784205736237,Front
1784205736270,Front
1784205736304,Front
1784205736337,Front
1784205736370,Front
1784205736404,Front
1784205736437,Front
1784205736470,Front
1784205736504,Front
1784205736537,Front
1784205736570,Front
1784205735585,Back
1784205735618,Back
1784205735652,Back
1784205735685,Back
1784205735718,Back
1784205735752,Back
1784205735785,Back
1784205735818,Back
1784205735852,Back
1784205735885,Back
1784205735918,Back
1784205735952,Back
1784205735985,Back
1784205736018,Back
1784205736052,Back
1784205736085,Back
1784205736118,Back
1784205736152,Back
1784205736185,Back
1784205736218,Back
1784205736252,Back
1784205736285,Back
1784205736318,Back
1784205736352,Back
1784205736385,Back
1784205736418,Back
1784205736452,Back
1784205736485,Back
1784205736519,Back
1784205736552,Back
1784205736604,Front
1784205736637,Front
1784205736670,Front
1784205736704,Front
1784205736737,Front
1784205736770,Front
1784205736804,Front
1784205736837,Front
1784205736870,Front
1784205736904,Front
1784205736937,Front
1784205736970,Front
1784205737004,Front
1784205737037,Front
1784205737070,Front
1784205737104,Front
1784205737137,Front
1784205737170,Front
1784205737204,Front
1784205737237,Front
1784205737270,Front
1784205737304,Front
1784205737337,Front
1784205737370,Front
1784205737404,Front
1784205737437,Front
1784205737470,Front
1784205737504,Front
1784205737537,Front
1784205737570,Front
1784205736585,Back
1784205736619,Back
1784205736652,Back
1784205736685,Back
1784205736719,Back
1784205736752,Back
1784205736785,Back
1784205736819,Back
1784205736852,Back
1784205736885,Back
1784205736919,Back
1784205736952,Back
1784205736985,Back
1784205737019,Back
1784205737052,Back
1784205737085,Back
1784205737119,Back
1784205737152,Back
1784205737185,Back
1784205737219,Back
1784205737252,Back
1784205737285,Back
1784205737319,Back
1784205737352,Back
1784205737386,Back
1784205737419,Back
1784205737452,Back
1784205737486,Back
1784205737519,Back
1784205737552,Back
1784205737586,Back
1784205737604,Front
1784205737637,Front
1784205737670,Front
1784205737704,Front
1784205737737,Front
1784205737770,Front
1784205737804,Front
1784205737837,Front
1784205737870,Front
1784205737904,Front
1784205737937,Front
1784205737971,Front
1784205738004,Front
1784205738037,Front
1784205738071,Front
1784205738104,Front
1784205738137,Front
1784205738171,Front
1784205738204,Front
1784205738237,Front
1784205738271,Front
1784205738304,Front
1784205738337,Front
1784205738371,Front
1784205738404,Front
1784205738437,Front
1784205738471,Front
1784205738504,Front
1784205738537,Front
1784205738571,Front
1784205737619,Back
1784205737652,Back
1784205737686,Back
1784205737719,Back
1784205737752,Back
1784205737786,Back
1784205737819,Back
1784205737852,Back
1784205737886,Back
1784205737919,Back
1784205737952,Back
1784205737986,Back
1784205738019,Back
1784205738052,Back
1784205738086,Back
1784205738119,Back
1784205738152,Back
1784205738186,Back
1784205738219,Back
1784205738252,Back
1784205738286,Back
1784205738319,Back
1784205738353,Back
1784205738386,Back
1784205738419,Back
1784205738453,Back
1784205738486,Back
1784205738519,Back
1784205738553,Back
1784205738586,Back
1784205738604,Front
1784205738637,Front
1784205738671,Front
1784205738704,Front
1784205738737,Front
1784205738771,Front
1784205738804,Front
1784205738837,Front
1784205738871,Front
1784205738904,Front
1784205738937,Front
1784205738971,Front
1784205739004,Front
1784205739037,Front
1784205739071,Front
1784205739104,Front
1784205739137,Front
1784205739171,Front
1784205739204,Front
1784205739237,Front
1784205739271,Front
1784205739304,Front
1784205739337,Front
1784205739371,Front
1784205739404,Front
1784205739437,Front
1784205739471,Front
1784205739504,Front
1784205739537,Front
1784205739571,Front
1784205738619,Back
1784205738653,Back
1784205738686,Back
1784205738719,Back
1784205738753,Back
1784205738786,Back
1784205738819,Back
1784205738853,Back
1784205738886,Back
1784205738919,Back
1784205738953,Back
1784205738986,Back
1784205739019,Back
1784205739053,Back
1784205739086,Back
1784205739119,Back
1784205739153,Back
1784205739186,Back
1784205739220,Back
1784205739253,Back
1784205739286,Back
1784205739320,Back
1784205739353,Back
1784205739386,Back
1784205739420,Back
1784205739453,Back
1784205739486,Back
1784205739520,Back
1784205739553,Back
1784205739604,Front
1784205739637,Front
1784205739671,Front
1784205739704,Front
1784205739737,Front
1784205739771,Front
1784205739804,Front
1784205739837,Front
1784205739871,Front
1784205739904,Front
1784205739937,Front
1784205739971,Front
1784205740004,Front
1784205740037,Front
1784205740071,Front
1784205740104,Front
1784205740137,Front
1784205740171,Front
1784205740204,Front
1784205740237,Front
1784205740271,Front
1784205740304,Front
1784205740337,Front
1784205740371,Front
1784205740404,Front
1784205740437,Front
1784205740471,Front
1784205740504,Front
1784205740537,Front
1784205740571,Front
1784205739586,Back
1784205739620,Back
1784205739653,Back
1784205739686,Back
1784205739720,Back
1784205739753,Back
1784205739786,Back
1784205739820,Back
1784205739853,Back
1784205739886,Back
1784205739920,Back
1784205739953,Back
1784205739986,Back
1784205740020,Back
1784205740053,Back
1784205740086,Back
1784205740120,Back
1784205740153,Back
1784205740187,Back
1784205740220,Back
1784205740253,Back
1784205740287,Back
1784205740320,Back
1784205740353,Back
1784205740387,Back
1784205740420,Back
1784205740453,Back
1784205740487,Back
1784205740520,Back
1784205740553,Back
1784205740587,Back
1784205740604,Front
1784205740637,Front
1784205740671,Front
1784205740704,Front
1784205740737,Front
1784205740771,Front
1784205740804,Front
1784205740837,Front
1784205740871,Front
1784205740904,Front
1784205740937,Front
1784205740971,Front
1784205741004,Front
1784205741037,Front
1784205741071,Front
1784205741104,Front
1784205741137,Front
1784205741171,Front
1784205741204,Front
1784205741237,Front
1784205741271,Front
1784205741304,Front
1784205741337,Front
1784205741371,Front
1784205741404,Front
1784205741437,Front
1784205741471,Front
1784205741504,Front
1784205741537,Front
1784205741571,Front
1784205740620,Back
1784205740653,Back
1784205740687,Back
1784205740720,Back
1784205740753,Back
1784205740787,Back
1784205740820,Back
1784205740853,Back
1784205740887,Back
1784205740920,Back
1784205740953,Back
1784205740987,Back
1784205741020,Back
1784205741054,Back
1784205741087,Back
1784205741120,Back
1784205741154,Back
1784205741187,Back
1784205741220,Back
1784205741254,Back
1784205741287,Back
1784205741320,Back
1784205741354,Back
1784205741387,Back
1784205741420,Back
1784205741454,Back
1784205741487,Back
1784205741520,Back
1784205741554,Back
1784205741587,Back
1784205741604,Front
1784205741637,Front
1784205741671,Front
1784205741704,Front
1784205741737,Front
1784205741771,Front
1784205741804,Front
1784205741837,Front
1784205741871,Front
1784205741904,Front
1784205741937,Front
1784205741971,Front
1784205742004,Front
1784205742037,Front
1784205742071,Front
1784205742104,Front
1784205742137,Front
1784205742171,Front
1784205742204,Front
1784205742237,Front
1784205742271,Front
1784205742304,Front
1784205742337,Front
1784205742371,Front
1784205742404,Front
1784205742437,Front
1784205742471,Front
1784205742504,Front
1784205742537,Front
1784205742571,Front
1784205741620,Back
1784205741654,Back
1784205741687,Back
1784205741720,Back
1784205741754,Back
1784205741787,Back
1784205741820,Back
1784205741854,Back
1784205741887,Back
1784205741920,Back
1784205741954,Back
1784205741987,Back
1784205742021,Back
1784205742054,Back
1784205742087,Back
1784205742121,Back
1784205742154,Back
1784205742187,Back
1784205742221,Back
1784205742254,Back
1784205742287,Back
1784205742321,Back
1784205742354,Back
1784205742387,Back
1784205742421,Back
1784205742454,Back
1784205742487,Back
1784205742521,Back
1784205742554,Back
1784205742587,Back
1784205742604,Front
1784205742637,Front
1784205742671,Front
1784205742704,Front
1784205742737,Front
1784205742771,Front
1784205742804,Front
1784205742837,Front
1784205742871,Front
1784205742904,Front
1784205742937,Front
1784205742971,Front
1784205743004,Front
1784205743037,Front
1784205743071,Front
1784205743104,Front
1784205743137,Front
1784205743171,Front
1784205743204,Front
1784205743237,Front
1784205743271,Front
1784205743304,Front
1784205743337,Front
1784205743371,Front
1784205743404,Front
1784205743437,Front
1784205743471,Front
1784205743504,Front
1784205743537,Front
1784205743571,Front
1784205742621,Back
1784205742654,Back
1784205742687,Back
1784205742721,Back
1784205742754,Back
1784205742787,Back
1784205742821,Back
1784205742854,Back
1784205742888,Back
1784205742921,Back
1784205742954,Back
1784205742988,Back
1784205743021,Back
1784205743054,Back
1784205743088,Back
1784205743121,Back
1784205743154,Back
1784205743188,Back
1784205743221,Back
1784205743254,Back
1784205743288,Back
1784205743321,Back
1784205743354,Back
1784205743388,Back
1784205743421,Back
1784205743454,Back
1784205743488,Back
1784205743521,Back
1784205743554,Back
1784205743588,Back
1784205743604,Front
1784205743637,Front
1784205743671,Front
1784205743704,Front
1784205743737,Front
1784205743771,Front
1784205743804,Front
1784205743837,Front
1784205743871,Front
1784205743904,Front
1784205743937,Front
1784205743971,Front
1784205744004,Front
1784205744037,Front
1784205744071,Front
1784205744104,Front
1784205744137,Front
1784205744171,Front
1784205744204,Front
1784205744237,Front
1784205744271,Front
1784205744304,Front
1784205744337,Front
1784205744371,Front
1784205744404,Front
1784205744437,Front
1784205744471,Front
1784205744504,Front
1784205744537,Front
1784205744571,Front
1784205743621,Back
1784205743654,Back
1784205743688,Back
1784205743721,Back
1784205743755,Back
1784205743788,Back
1784205743821,Back
1784205743855,Back
1784205743888,Back
1784205743921,Back
1784205743955,Back
1784205743988,Back
1784205744021,Back
1784205744055,Back
1784205744088,Back
1784205744121,Back
1784205744155,Back
1784205744188,Back
1784205744221,Back
1784205744255,Back
1784205744288,Back
1784205744321,Back
1784205744355,Back
1784205744388,Back
1784205744421,Back
1784205744455,Back
1784205744488,Back
1784205744521,Back
1784205744555,Back
1784205744588,Back
1784205744604,Front
1784205744637,Front
1784205744671,Front
1784205744704,Front
1784205744737,Front
1784205744771,Front
1784205744804,Front
1784205744837,Front
1784205744871,Front
1784205744904,Front
1784205744937,Front
1784205744971,Front
1784205745004,Front
1784205745037,Front
1784205745071,Front
1784205745104,Front
1784205745137,Front
1784205745171,Front
1784205745204,Front
1784205745237,Front
1784205745271,Front
1784205745304,Front
1784205745337,Front
1784205745371,Front
1784205745404,Front
1784205745437,Front
1784205745471,Front
1784205745504,Front
1784205745537,Front
1784205745571,Front
1784205744621,Back
1784205744655,Back
1784205744688,Back
1784205744722,Back
1784205744755,Back
1784205744788,Back
1784205744822,Back
1784205744855,Back
1784205744888,Back
1784205744922,Back
1784205744955,Back
1784205744988,Back
1784205745022,Back
1784205745055,Back
1784205745088,Back
1784205745122,Back
1784205745155,Back
1784205745188,Back
1784205745222,Back
1784205745255,Back
1784205745288,Back
1784205745322,Back
1784205745355,Back
1784205745388,Back
1784205745422,Back
1784205745455,Back
1784205745488,Back
1784205745522,Back
1784205745555,Back
1784205745589,Back
1784205745604,Front
1784205745637,Front
1784205745671,Front
1784205745704,Front
1784205745737,Front
1784205745771,Front
1784205745804,Front
1784205745837,Front
1784205745871,Front
1784205745904,Front
1784205745937,Front
1784205745971,Front
1784205746004,Front
1784205746037,Front
1784205746071,Front
1784205746104,Front
1784205746137,Front
1784205746171,Front
1784205746204,Front
1784205746237,Front
1784205746271,Front
1784205746304,Front
1784205746337,Front
1784205746371,Front
1784205746404,Front
1784205746437,Front
1784205746471,Front
1784205746504,Front
1784205746537,Front
1784205746571,Front
1784205745622,Back
1784205745655,Back
1784205745689,Back
1784205745722,Back
1784205745755,Back
1784205745789,Back
1784205745822,Back
1784205745855,Back
1784205745889,Back
1784205745922,Back
1784205745955,Back
1784205745989,Back
1784205746022,Back
1784205746055,Back
1784205746089,Back
1784205746122,Back
1784205746155,Back
1784205746189,Back
1784205746222,Back
1784205746255,Back
1784205746289,Back
1784205746322,Back
1784205746355,Back
1784205746389,Back
1784205746422,Back
1784205746455,Back
1784205746489,Back
1784205746522,Back
1784205746556,Back
1784205746589,Back
1784205746604,Front
1784205746637,Front
1784205746671,Front
1784205746704,Front
1784205746737,Front
1784205746771,Front
1784205746804,Front
1784205746837,Front
1784205746871,Front
1784205746904,Front
1784205746937,Front
1784205746971,Front
1784205747004,Front
1784205747037,Front
1784205747071,Front
1784205747104,Front
1784205747137,Front
1784205747171,Front
1784205747204,Front
1784205747237,Front
1784205747271,Front
1784205747304,Front
1784205747337,Front
1784205747371,Front
1784205747404,Front
1784205747437,Front
1784205747471,Front
1784205747504,Front
1784205747537,Front
1784205747571,Front
1784205747604,Front
1784205746622,Back
1784205746656,Back
1784205746689,Back
1784205746722,Back
1784205746756,Back
1784205746789,Back
1784205746822,Back
1784205746856,Back
1784205746889,Back
1784205746922,Back
1784205746956,Back
1784205746989,Back
1784205747022,Back
1784205747056,Back
1784205747089,Back
1784205747122,Back
1784205747156,Back
1784205747189,Back
1784205747222,Back
1784205747256,Back
1784205747289,Back
1784205747322,Back
1784205747356,Back
1784205747389,Back
1784205747423,Back
1784205747456,Back
1784205747489,Back
1784205747523,Back
1784205747556,Back
1784205747589,Back
1784205747637,Front
1784205747671,Front
1784205747704,Front
1784205747737,Front
1784205747771,Front
1784205747804,Front
1784205747837,Front
1784205747871,Front
1784205747904,Front
1784205747937,Front
1784205747971,Front
1784205748004,Front
1784205748037,Front
1784205748071,Front
1784205748104,Front
1784205748137,Front
1784205748171,Front
1784205748204,Front
1784205748237,Front
1784205748271,Front
1784205748304,Front
1784205748337,Front
1784205748371,Front
1784205748404,Front
1784205748437,Front
1784205748471,Front
1784205748504,Front
1784205748537,Front
1784205748571,Front
1784205748604,Front
1784205747623,Back
1784205747656,Back
1784205747689,Back
1784205747723,Back
1784205747756,Back
1784205747789,Back
1784205747823,Back
1784205747856,Back
1784205747889,Back
1784205747923,Back
1784205747956,Back
1784205747989,Back
1784205748023,Back
1784205748056,Back
1784205748089,Back
1784205748123,Back
1784205748156,Back
1784205748189,Back
1784205748223,Back
1784205748256,Back
1784205748289,Back
1784205748323,Back
1784205748356,Back
1784205748390,Back
1784205748423,Back
1784205748456,Back
1784205748490,Back
1784205748523,Back
1784205748556,Back
1784205748590,Back
1784205748637,Front
1784205748671,Front
1784205748704,Front
1784205748737,Front
1784205748771,Front
1784205748804,Front
1784205748837,Front
1784205748871,Front
1784205748904,Front
1784205748937,Front
1784205748971,Front
1784205749004,Front
1784205749037,Front
1784205749071,Front
1784205749104,Front
1784205749137,Front
1784205749171,Front
1784205749204,Front
1784205749237,Front
1784205749271,Front
1784205749304,Front
1784205749337,Front
1784205749371,Front
1784205749404,Front
1784205749437,Front
1784205749471,Front
1784205749504,Front
1784205749537,Front
1784205749571,Front
1784205749604,Front
1784205748623,Back
1784205748656,Back
1784205748690,Back
1784205748723,Back
1784205748756,Back
1784205748790,Back
1784205748823,Back
1784205748856,Back
1784205748890,Back
1784205748923,Back
1784205748956,Back
1784205748990,Back
1784205749023,Back
1784205749056,Back
1784205749090,Back
1784205749123,Back
1784205749156,Back
1784205749190,Back
1784205749223,Back
1784205749257,Back
1784205749290,Back
1784205749323,Back
1784205749357,Back
1784205749390,Back
1784205749423,Back
1784205749457,Back
1784205749490,Back
1784205749523,Back
1784205749557,Back
1784205749590,Back
1784205749637,Front
1784205749671,Front
1784205749704,Front
1784205749737,Front
1784205749771,Front
1784205749804,Front
1784205749837,Front
1784205749871,Front
1784205749904,Front
1784205749937,Front
1784205749971,Front
1784205750004,Front
1784205750037,Front
1784205750071,Front
1784205750104,Front
1784205750137,Front
1784205750171,Front
1784205750204,Front
1784205750237,Front
1784205750271,Front
1784205750304,Front
1784205750337,Front
1784205750371,Front
1784205750404,Front
1784205750437,Front
1784205750471,Front
1784205750504,Front
1784205750537,Front
1784205750571,Front
1784205750604,Front
1784205749623,Back
1784205749657,Back
1784205749690,Back
1784205749723,Back
1784205749757,Back
1784205749790,Back
1784205749823,Back
1784205749857,Back
1784205749890,Back
1784205749923,Back
1784205749957,Back
1784205749990,Back
1784205750023,Back
1784205750057,Back
1784205750090,Back
1784205750123,Back
1784205750157,Back
1784205750190,Back
1784205750224,Back
1784205750257,Back
1784205750290,Back
1784205750324,Back
1784205750357,Back
1784205750390,Back
1784205750424,Back
1784205750457,Back
1784205750490,Back
1784205750524,Back
1784205750557,Back
1784205750590,Back
1784205750637,Front
1784205750671,Front
1784205750704,Front
1784205750737,Front
1784205750771,Front
1784205750804,Front
1784205750837,Front
1784205750871,Front
1784205750904,Front
1784205750937,Front
1784205750971,Front
1784205751004,Front
1784205751037,Front
1784205751071,Front
1784205751104,Front
1784205751137,Front
1784205751171,Front
1784205751204,Front
1784205751237,Front
1784205751271,Front
1784205751304,Front
1784205751337,Front
1784205751371,Front
1784205751404,Front
1784205751437,Front
1784205751471,Front
1784205751504,Front
1784205751537,Front
1784205751571,Front
1784205751604,Front
1784205750624,Back
1784205750657,Back
1784205750690,Back
1784205750724,Back
1784205750757,Back
1784205750790,Back
1784205750824,Back
1784205750857,Back
1784205750890,Back
1784205750924,Back
1784205750957,Back
1784205750990,Back
1784205751024,Back
1784205751057,Back
1784205751091,Back
1784205751124,Back
1784205751157,Back
1784205751191,Back
1784205751224,Back
1784205751257,Back
1784205751291,Back
1784205751324,Back
1784205751357,Back
1784205751391,Back
1784205751424,Back
1784205751457,Back
1784205751491,Back
1784205751524,Back
1784205751557,Back
1784205751591,Back
1784205751637,Front
1784205751671,Front
1784205751704,Front
1784205751737,Front
1784205751771,Front
1784205751804,Front
1784205751837,Front
1784205751871,Front
1784205751904,Front
1784205751937,Front
1784205751971,Front
1784205752004,Front
1784205752037,Front
1784205752071,Front
1784205752104,Front
1784205752137,Front
1784205752171,Front
1784205752204,Front
1784205752237,Front
1784205752271,Front
1784205752304,Front
1784205752337,Front
1784205752371,Front
1784205752404,Front
1784205752437,Front
1784205752471,Front
1784205752504,Front
1784205752537,Front
1784205752571,Front
1784205752604,Front
1784205751624,Back
1784205751657,Back
1784205751691,Back
1784205751724,Back
1784205751757,Back
1784205751791,Back
1784205751824,Back
1784205751857,Back
1784205751891,Back
1784205751924,Back
1784205751957,Back
1784205751991,Back
1784205752024,Back
1784205752058,Back
1784205752091,Back
1784205752124,Back
1784205752158,Back
1784205752191,Back
1784205752224,Back
1784205752258,Back
1784205752291,Back
1784205752324,Back
1784205752358,Back
1784205752391,Back
1784205752424,Back
1784205752458,Back
1784205752491,Back
1784205752524,Back
1784205752558,Back
1784205752591,Back
1784205752624,Back
1784205752637,Front
1784205752671,Front
1784205752704,Front
1784205752737,Front
1784205752771,Front
1784205752804,Front
1784205752837,Front
1784205752871,Front
1784205752904,Front
1784205752937,Front
1784205752971,Front
1784205753004,Front
1784205753037,Front
1784205753071,Front
1784205753104,Front
1784205753137,Front
1784205753171,Front
1784205753204,Front
1784205753237,Front
1784205753271,Front
1784205753304,Front
1784205753337,Front
1784205753371,Front
1784205753404,Front
1784205753437,Front
1784205753471,Front
1784205753504,Front
1784205753537,Front
1784205753571,Front
1784205753604,Front
1784205752658,Back
1784205752691,Back
1784205752724,Back
1784205752758,Back
1784205752791,Back
1784205752824,Back
1784205752858,Back
1784205752891,Back
1784205752925,Back
1784205752958,Back
1784205752991,Back
1784205753025,Back
1784205753058,Back
1784205753091,Back
1784205753125,Back
1784205753158,Back
1784205753191,Back
1784205753225,Back
1784205753258,Back
1784205753291,Back
1784205753325,Back
1784205753358,Back
1784205753391,Back
1784205753425,Back
1784205753458,Back
1784205753491,Back
1784205753525,Back
1784205753558,Back
1784205753591,Back
1784205753625,Back
1784205753637,Front
1784205753671,Front
1784205753704,Front
1784205753737,Front
1784205753771,Front
1784205753804,Front
1784205753837,Front
1784205753871,Front
1784205753904,Front
1784205753937,Front
1784205753971,Front
1784205754004,Front
1784205754037,Front
1784205754071,Front
1784205754104,Front
1784205754137,Front
1784205754171,Front
1784205754204,Front
1784205754237,Front
1784205754271,Front
1784205754304,Front
1784205754337,Front
1784205754371,Front
1784205754404,Front
1784205754437,Front
1784205754471,Front
1784205754504,Front
1784205754537,Front
1784205754571,Front
1784205754604,Front
1784205753658,Back
1784205753691,Back
1784205753725,Back
1784205753758,Back
1784205753792,Back
1784205753825,Back
1784205753858,Back
1784205753892,Back
1784205753925,Back
1784205753958,Back
1784205753992,Back
1784205754025,Back
1784205754058,Back
1784205754092,Back
1784205754125,Back
1784205754158,Back
1784205754192,Back
1784205754225,Back
1784205754258,Back
1784205754292,Back
1784205754325,Back
1784205754358,Back
1784205754392,Back
1784205754425,Back
1784205754458,Back
1784205754492,Back
1784205754525,Back
1784205754558,Back
1784205754592,Back
1784205754625,Back
1784205754637,Front
1784205754671,Front
1784205754704,Front
1784205754737,Front
1784205754771,Front
1784205754804,Front
1784205754837,Front
1784205754871,Front
1784205754904,Front
1784205754937,Front
1784205754971,Front
1784205755004,Front
1784205755037,Front
1784205755071,Front
1784205755104,Front
1784205755137,Front
1784205755171,Front
1784205755204,Front
1784205755237,Front
1784205755271,Front
1784205755304,Front
1784205755337,Front
1784205755371,Front
1784205755404,Front
1784205755437,Front
1784205755471,Front
1784205755504,Front
1784205755537,Front
1784205755571,Front
1784205755604,Front
1784205754658,Back
1784205754692,Back
1784205754725,Back
1784205754759,Back
1784205754792,Back
1784205754825,Back
1784205754859,Back
1784205754892,Back
1784205754925,Back
1784205754959,Back
1784205754992,Back
1784205755025,Back
1784205755059,Back
1784205755092,Back
1784205755125,Back
1784205755159,Back
1784205755192,Back
1784205755225,Back
1784205755259,Back
1784205755292,Back
1784205755325,Back
1784205755359,Back
1784205755392,Back
1784205755425,Back
1784205755459,Back
1784205755492,Back
1784205755525,Back
1784205755559,Back
1784205755592,Back
1784205755626,Back
1784205755637,Front
1784205755671,Front
1784205755704,Front
1784205755737,Front
1784205755771,Front
1784205755804,Front
1784205755837,Front
1784205755871,Front
1784205755904,Front
1784205755937,Front
1784205755971,Front
1784205756004,Front
1784205756037,Front
1784205756071,Front
1784205756104,Front
1784205756137,Front
1784205756171,Front
1784205756204,Front
1784205756237,Front
1784205756271,Front
1784205756304,Front
1784205756337,Front
1784205756371,Front
1784205756404,Front
1784205756437,Front
1784205756471,Front
1784205756504,Front
1784205756537,Front
1784205756571,Front
1784205756604,Front
1784205756637,Front
1784205755659,Back
1784205755692,Back
1784205755726,Back
1784205755759,Back
1784205755792,Back
1784205755826,Back
1784205755859,Back
1784205755892,Back
1784205755926,Back
1784205755959,Back
1784205755992,Back
1784205756026,Back
1784205756059,Back
1784205756092,Back
1784205756126,Back
1784205756159,Back
1784205756192,Back
1784205756226,Back
1784205756259,Back
1784205756292,Back
1784205756326,Back
1784205756359,Back
1784205756392,Back
1784205756426,Back
1784205756459,Back
1784205756492,Back
1784205756526,Back
1784205756559,Back
1784205756593,Back
1784205756626,Back
1784205756671,Front
1784205756704,Front
1784205756737,Front
1784205756771,Front
1784205756804,Front
1784205756837,Front
1784205756871,Front
1784205756904,Front
1784205756937,Front
1784205756971,Front
1784205757004,Front
1784205757037,Front
1784205757071,Front
1784205757104,Front
1784205757137,Front
1784205757171,Front
1784205757204,Front
1784205757237,Front
1784205757271,Front
1784205757304,Front
1784205757337,Front
1784205757371,Front
1784205757404,Front
1784205757437,Front
1784205757471,Front
1784205757504,Front
1784205757537,Front
1784205757571,Front
1784205757604,Front
1784205757637,Front
1784205756659,Back
1784205756693,Back
1784205756726,Back
1784205756759,Back
1784205756793,Back
1784205756826,Back
1784205756859,Back
1784205756893,Back
1784205756926,Back
1784205756959,Back
1784205756993,Back
1784205757026,Back
1784205757059,Back
1784205757093,Back
1784205757126,Back
1784205757159,Back
1784205757193,Back
1784205757226,Back
1784205757259,Back
1784205757293,Back
1784205757326,Back
1784205757359,Back
1784205757393,Back
1784205757426,Back
1784205757460,Back
1784205757493,Back
1784205757526,Back
1784205757560,Back
1784205757593,Back
1784205757626,Back
1784205757671,Front
1784205757704,Front
1784205757737,Front
1784205757771,Front
1784205757804,Front
1784205757837,Front
1784205757871,Front
1784205757904,Front
1784205757937,Front
1784205757971,Front
1784205758004,Front
1784205758037,Front
1784205758071,Front
1784205758104,Front
1784205758137,Front
1784205758171,Front
1784205758204,Front
1784205758237,Front
1784205758271,Front
1784205758304,Front
1784205758337,Front
1784205758371,Front
1784205758404,Front
1784205758437,Front
1784205758471,Front
1784205758504,Front
1784205758537,Front
1784205758571,Front
1784205758604,Front
1784205757660,Back
1784205757693,Back
1784205757726,Back
1784205757760,Back
1784205757793,Back
1784205757826,Back
1784205757860,Back
1784205757893,Back
1784205757926,Back
1784205757960,Back
1784205757993,Back
1784205758026,Back
1784205758060,Back
1784205758093,Back
1784205758126,Back
1784205758160,Back
1784205758193,Back
1784205758226,Back
1784205758260,Back
1784205758293,Back
1784205758326,Back
1784205758360,Back
1784205758393,Back
1784205758427,Back
1784205758460,Back
1784205758493,Back
1784205758527,Back
1784205758560,Back
1784205758593,Back
1784205758627,Back
1784205758637,Front
1784205758671,Front
1784205758704,Front
1784205758737,Front
1784205758771,Front
1784205758804,Front
1784205758837,Front
1784205758871,Front
1784205758904,Front
1784205758937,Front
1784205758971,Front
1784205759004,Front
1784205759037,Front
1784205759071,Front
1784205759104,Front
1784205759137,Front
1784205759171,Front
1784205759204,Front
1784205759237,Front
1784205759271,Front
1784205759304,Front
1784205759337,Front
1784205759371,Front
1784205759404,Front
1784205759437,Front
1784205759471,Front
1784205759504,Front
1784205759537,Front
1784205759571,Front
1784205759604,Front
1784205759637,Front
1784205758660,Back
1784205758693,Back
1784205758727,Back
1784205758760,Back
1784205758793,Back
1784205758827,Back
1784205758860,Back
1784205758893,Back
1784205758927,Back
1784205758960,Back
1784205758993,Back
1784205759027,Back
1784205759060,Back
1784205759093,Back
1784205759127,Back
1784205759160,Back
1784205759193,Back
1784205759227,Back
1784205759260,Back
1784205759294,Back
1784205759327,Back
1784205759360,Back
1784205759394,Back
1784205759427,Back
1784205759460,Back
1784205759494,Back
1784205759527,Back
1784205759560,Back
1784205759594,Back
1784205759627,Back
1784205759671,Front
1784205759704,Front
1784205759737,Front
1784205759771,Front
1784205759804,Front
1784205759837,Front
1784205759871,Front
1784205759904,Front
1784205759937,Front
1784205759971,Front
1784205760004,Front
1784205760037,Front
1784205760071,Front
1784205760104,Front
1784205760137,Front
1784205760171,Front
1784205760204,Front
1784205760237,Front
1784205760271,Front
1784205760304,Front
1784205760337,Front
1784205760371,Front
1784205760404,Front
1784205760437,Front
1784205760471,Front
1784205760504,Front
1784205760537,Front
1784205760571,Front
1784205760604,Front
1784205760637,Front
1784205759660,Back
1784205759694,Back
1784205759727,Back
1784205759760,Back
1784205759794,Back
1784205759827,Back
1784205759860,Back
1784205759894,Back
1784205759927,Back
1784205759960,Back
1784205759994,Back
1784205760027,Back
1784205760060,Back
1784205760094,Back
1784205760127,Back
1784205760160,Back
1784205760194,Back
1784205760227,Back
1784205760261,Back
1784205760294,Back
1784205760327,Back
1784205760361,Back
1784205760394,Back
1784205760427,Back
1784205760461,Back
1784205760494,Back
1784205760527,Back
1784205760561,Back
1784205760594,Back
1784205760627,Back
1784205760671,Front
1784205760704,Front
1784205760737,Front
1784205760771,Front
1784205760804,Front
1784205760837,Front
1784205760871,Front
1784205760904,Front
1784205760937,Front
1784205760971,Front
1784205761004,Front
1784205761037,Front
1784205761071,Front
1784205761104,Front
1784205761137,Front
1784205761171,Front
1784205761204,Front
1784205761237,Front
1784205761271,Front
1784205761304,Front
1784205761337,Front
1784205761371,Front
1784205761404,Front
1784205761437,Front
1784205761471,Front
1784205761504,Front
1784205761537,Front
1784205761571,Front
1784205761604,Front
1784205761637,Front
1784205760661,Back
1784205760694,Back
1784205760727,Back
1784205760761,Back
1784205760794,Back
1784205760827,Back
1784205760861,Back
1784205760894,Back
1784205760927,Back
1784205760961,Back
1784205760994,Back
1784205761027,Back
1784205761061,Back
1784205761094,Back
1784205761128,Back
1784205761161,Back
1784205761194,Back
1784205761228,Back
1784205761261,Back
1784205761294,Back
1784205761328,Back
1784205761361,Back
1784205761394,Back
1784205761428,Back
1784205761461,Back
1784205761494,Back
1784205761528,Back
1784205761561,Back
1784205761594,Back
1784205761628,Back
1784205761671,Front
1784205761704,Front
1784205761737,Front
1784205761771,Front
1784205761804,Front
1784205761837,Front
1784205761871,Front
1784205761904,Front
1784205761937,Front
1784205761971,Front
1784205762004,Front
1784205762037,Front
1784205762071,Front
1784205762104,Front
1784205762137,Front
1784205762171,Front
1784205762204,Front
1784205762237,Front
1784205762271,Front
1784205762304,Front
1784205762337,Front
1784205762371,Front
1784205762404,Front
1784205762437,Front
1784205762471,Front
1784205762504,Front
1784205762537,Front
1784205762571,Front
1784205762604,Front
1784205762637,Front
1784205761661,Back
1784205761694,Back
1784205761728,Back
1784205761761,Back
1784205761794,Back
1784205761828,Back
1784205761861,Back
1784205761894,Back
1784205761928,Back
1784205761961,Back
1784205761994,Back
1784205762028,Back
1784205762061,Back
1784205762095,Back
1784205762128,Back
1784205762161,Back
1784205762195,Back
1784205762228,Back
1784205762261,Back
1784205762295,Back
1784205762328,Back
1784205762361,Back
1784205762395,Back
1784205762428,Back
1784205762461,Back
1784205762495,Back
1784205762528,Back
1784205762561,Back
1784205762595,Back
1784205762628,Back
1784205762671,Front
1784205762704,Front
1784205762737,Front
1784205762771,Front
1784205762804,Front
1784205762837,Front
1784205762871,Front
1784205762904,Front
1784205762937,Front
1784205762971,Front
1784205763004,Front
1784205763037,Front
1784205763071,Front
1784205763104,Front
1784205763137,Front
1784205763171,Front
1784205763204,Front
1784205763237,Front
1784205763271,Front
1784205763304,Front
1784205763337,Front
1784205763371,Front
1784205763404,Front
1784205763437,Front
1784205763471,Front
1784205763504,Front
1784205763537,Front
1784205763571,Front
1784205763604,Front
1784205763637,Front
1784205762661,Back
1784205762695,Back
1784205762728,Back
1784205762761,Back
1784205762795,Back
1784205762828,Back
1784205762861,Back
1784205762895,Back
1784205762928,Back
1784205762962,Back
1784205762995,Back
1784205763028,Back
1784205763062,Back
1784205763095,Back
1784205763128,Back
1784205763162,Back
1784205763195,Back
1784205763228,Back
1784205763262,Back
1784205763295,Back
1784205763328,Back
1784205763362,Back
1784205763395,Back
1784205763428,Back
1784205763462,Back
1784205763495,Back
1784205763528,Back
1784205763562,Back
1784205763595,Back
1784205763628,Back
1784205763671,Front
1784205763704,Front
1784205763737,Front
1784205763771,Front
1784205763804,Front
1784205763837,Front
1784205763871,Front
1784205763904,Front
1784205763937,Front
1784205763971,Front
1784205764004,Front
1784205764037,Front
1784205764071,Front
1784205764104,Front
1784205764137,Front
1784205764171,Front
1784205764204,Front
1784205764237,Front
1784205764271,Front
1784205764304,Front
1784205764337,Front
1784205764371,Front
1784205764404,Front
1784205764437,Front
1784205764471,Front
1784205764504,Front
1784205764537,Front
1784205764571,Front
1784205764604,Front
1784205764637,Front
1784205763662,Back
1784205763695,Back
1784205763728,Back
1784205763762,Back
1784205763795,Back
1784205763828,Back
1784205763862,Back
1784205763895,Back
1784205763929,Back
1784205763962,Back
1784205763995,Back
1784205764029,Back
1784205764062,Back
1784205764095,Back
1784205764129,Back
1784205764162,Back
1784205764195,Back
1784205764229,Back
1784205764262,Back
1784205764295,Back
1784205764329,Back
1784205764362,Back
1784205764395,Back
1784205764429,Back
1784205764462,Back
1784205764495,Back
1784205764529,Back
1784205764562,Back
1784205764595,Back
1784205764629,Back
1784205764662,Back
1784205764671,Front
1784205764704,Front
1784205764737,Front
1784205764771,Front
1784205764804,Front
1784205764837,Front
1784205764871,Front
1784205764904,Front
1784205764937,Front
1784205764971,Front
1784205765004,Front
1784205765037,Front
1784205765071,Front
1784205765104,Front
1784205765137,Front
1784205765171,Front
1784205765204,Front
1784205765237,Front
1784205765271,Front
1784205765304,Front
1784205765337,Front
1784205765371,Front
1784205765404,Front
1784205765437,Front
1784205765471,Front
1784205765504,Front
1784205765537,Front
1784205765571,Front
1784205765604,Front
1784205765637,Front
1784205764695,Back
1784205764729,Back
1784205764762,Back
1784205764796,Back
1784205764829,Back
1784205764862,Back
1784205764896,Back
1784205764929,Back
1784205764962,Back
1784205764996,Back
1784205765029,Back
1784205765062,Back
1784205765096,Back
1784205765129,Back
1784205765162,Back
1784205765196,Back
1784205765229,Back
1784205765262,Back
1784205765296,Back
1784205765329,Back
1784205765362,Back
1784205765396,Back
1784205765429,Back
1784205765462,Back
1784205765496,Back
1784205765529,Back
1784205765562,Back
1784205765596,Back
1784205765629,Back
1784205765663,Back
1784205765671,Front
1784205765704,Front
1784205765737,Front
1784205765771,Front
1784205765804,Front
1784205765837,Front
1784205765871,Front
1784205765904,Front
1784205765937,Front
1784205765971,Front
1784205766004,Front
1784205766037,Front
1784205766071,Front
1784205766104,Front
1784205766137,Front
1784205766171,Front
1784205766204,Front
1784205766237,Front
1784205766271,Front
1784205766304,Front
1784205766337,Front
1784205766371,Front
1784205766404,Front
1784205766437,Front
1784205766471,Front
1784205766504,Front
1784205766537,Front
1784205766571,Front
1784205766604,Front
1784205766637,Front
1784205765696,Back
1784205765729,Back
1784205765763,Back
1784205765796,Back
1784205765829,Back
1784205765863,Back
1784205765896,Back
1784205765929,Back
1784205765963,Back
1784205765996,Back
1784205766029,Back
1784205766063,Back
1784205766096,Back
1784205766129,Back
1784205766163,Back
1784205766196,Back
1784205766229,Back
1784205766263,Back
1784205766296,Back
1784205766329,Back
1784205766363,Back
1784205766396,Back
1784205766429,Back
1784205766463,Back
1784205766496,Back
1784205766529,Back
1784205766563,Back
1784205766596,Back
1784205766630,Back
1784205766663,Back
1784205766671,Front
1784205766704,Front
1784205766737,Front
1784205766771,Front
1784205766804,Front
1784205766837,Front
1784205766871,Front
1784205766904,Front
1784205766937,Front
1784205766971,Front
1784205767004,Front
1784205767037,Front
1784205767071,Front
1784205767104,Front
1784205767137,Front
1784205767171,Front
1784205767204,Front
1784205767237,Front
1784205767271,Front
1784205767304,Front
1784205767337,Front
1784205767371,Front
1784205767404,Front
1784205767437,Front
1784205767471,Front
1784205767504,Front
1784205767537,Front
1784205767571,Front
1784205767604,Front
1784205767637,Front
1784205766696,Back
1784205766730,Back
1784205766763,Back
1784205766796,Back
1784205766830,Back
1784205766863,Back
1784205766896,Back
1784205766930,Back
1784205766963,Back
1784205766996,Back
1784205767030,Back
1784205767063,Back
1784205767096,Back
1784205767130,Back
1784205767163,Back
1784205767196,Back
1784205767230,Back
1784205767263,Back
1784205767296,Back
1784205767330,Back
1784205767363,Back
1784205767396,Back
1784205767430,Back
1784205767463,Back
1784205767497,Back
1784205767530,Back
1784205767563,Back
1784205767597,Back
1784205767630,Back
1784205767663,Back
1784205767671,Front
1784205767704,Front
1784205767737,Front
1784205767771,Front
1784205767804,Front
1784205767837,Front
1784205767871,Front
1784205767904,Front
1784205767937,Front
1784205767971,Front
1784205768004,Front
1784205768037,Front
1784205768071,Front
1784205768104,Front
1784205768137,Front
1784205768171,Front
1784205768204,Front
1784205768237,Front
1784205768271,Front
1784205768304,Front
1784205768337,Front
1784205768371,Front
1784205768404,Front
1784205768437,Front
1784205768471,Front
1784205768504,Front
1784205768537,Front
1784205768571,Front
1784205768604,Front
1784205768637,Front
1784205767697,Back
1784205767730,Back
1784205767763,Back
1784205767797,Back
1784205767830,Back
1784205767863,Back
1784205767897,Back
1784205767930,Back
1784205767963,Back
1784205767997,Back
1784205768030,Back
1784205768063,Back
1784205768097,Back
1784205768130,Back
1784205768163,Back
1784205768197,Back
1784205768230,Back
1784205768263,Back
1784205768297,Back
1784205768330,Back
1784205768363,Back
1784205768397,Back
1784205768430,Back
1784205768464,Back
1784205768497,Back
1784205768530,Back
1784205768564,Back
1784205768597,Back
1784205768630,Back
1784205768664,Back
1784205768671,Front
1784205768704,Front
1784205768737,Front
1784205768771,Front
1784205768804,Front
1784205768837,Front
1784205768871,Front
1784205768904,Front
1784205768937,Front
1784205768971,Front
1784205769004,Front
1784205769037,Front
1784205769071,Front
1784205769104,Front
1784205769137,Front
1784205769171,Front
1784205769204,Front
1784205769237,Front
1784205769271,Front
1784205769304,Front
1784205769337,Front
1784205769371,Front
1784205769404,Front
1784205769437,Front
1784205769471,Front
1784205769504,Front
1784205769537,Front
1784205769571,Front
1784205769604,Front
1784205769637,Front
1784205768697,Back
1784205768730,Back
1784205768764,Back
1784205768797,Back
1784205768830,Back
1784205768864,Back
1784205768897,Back
1784205768930,Back
1784205768964,Back
1784205768997,Back
1784205769030,Back
1784205769064,Back
1784205769097,Back
1784205769130,Back
1784205769164,Back
1784205769197,Back
1784205769230,Back
1784205769264,Back
1784205769297,Back
1784205769331,Back
1784205769364,Back
1784205769397,Back
1784205769431,Back
1784205769464,Back
1784205769497,Back
1784205769531,Back
1784205769564,Back
1784205769597,Back
1784205769631,Back
1784205769664,Back
1784205769671,Front
1784205769704,Front
1784205769737,Front
1784205769771,Front
1784205769804,Front
1784205769837,Front
1784205769871,Front
1784205769904,Front
1784205769937,Front
1784205769971,Front
1784205770004,Front
1784205770037,Front
1784205770071,Front
1784205770104,Front
1784205770137,Front
1784205770171,Front
1784205770204,Front
1784205770237,Front
1784205770271,Front
1784205770304,Front
1784205770337,Front
1784205770371,Front
1784205770404,Front
1784205770437,Front
1784205770471,Front
1784205770504,Front
1784205770537,Front
1784205770571,Front
1784205770604,Front
1784205770637,Front
1784205770671,Front
1784205769697,Back
1784205769731,Back
1784205769764,Back
1784205769797,Back
1784205769831,Back
1784205769864,Back
1784205769897,Back
1784205769931,Back
1784205769964,Back
1784205769997,Back
1784205770031,Back
1784205770064,Back
1784205770097,Back
1784205770131,Back
1784205770164,Back
1784205770197,Back
1784205770231,Back
1784205770264,Back
1784205770298,Back
1784205770331,Back
1784205770364,Back
1784205770398,Back
1784205770431,Back
1784205770464,Back
1784205770498,Back
1784205770531,Back
1784205770564,Back
1784205770598,Back
1784205770631,Back
1784205770664,Back
1784205770704,Front
1784205770737,Front
1784205770771,Front
1784205770804,Front
1784205770837,Front
1784205770871,Front
1784205770904,Front
1784205770937,Front
1784205770971,Front
1784205771004,Front
1784205771037,Front
1784205771071,Front
1784205771104,Front
1784205771137,Front
1784205771171,Front
1784205771204,Front
1784205771237,Front
1784205771271,Front
1784205771304,Front
1784205771337,Front
1784205771371,Front
1784205771404,Front
1784205771437,Front
1784205771471,Front
1784205771504,Front
1784205771537,Front
1784205771571,Front
1784205771604,Front
1784205771637,Front
1784205771671,Front
1784205770698,Back
1784205770731,Back
1784205770764,Back
1784205770798,Back
1784205770831,Back
1784205770864,Back
1784205770898,Back
1784205770931,Back
1784205770964,Back
1784205770998,Back
1784205771031,Back
1784205771064,Back
1784205771098,Back
1784205771131,Back
1784205771165,Back
1784205771198,Back
1784205771231,Back
1784205771265,Back
1784205771298,Back
1784205771331,Back
1784205771365,Back
1784205771398,Back
1784205771431,Back
1784205771465,Back
1784205771498,Back
1784205771531,Back
1784205771565,Back
1784205771598,Back
1784205771631,Back
1784205771665,Back
1784205771704,Front
1784205771737,Front
1784205771771,Front
1784205771804,Front
1784205771837,Front
1784205771871,Front
1784205771904,Front
1784205771937,Front
1784205771971,Front
1784205772004,Front
1784205772037,Front
1784205772071,Front
1784205772104,Front
1784205772137,Front
1784205772171,Front
1784205772204,Front
1784205772237,Front
1784205772271,Front
1784205772304,Front
1784205772337,Front
1784205772371,Front
1784205772404,Front
1784205772437,Front
1784205772471,Front
1784205772504,Front
1784205772537,Front
1784205772571,Front
1784205772604,Front
1784205772637,Front
1784205772671,Front
1784205771698,Back
1784205771731,Back
1784205771765,Back
1784205771798,Back
1784205771831,Back
1784205771865,Back
1784205771898,Back
1784205771931,Back
1784205771965,Back
1784205771998,Back
1784205772031,Back
1784205772065,Back
1784205772098,Back
1784205772132,Back
1784205772165,Back
1784205772198,Back
1784205772232,Back
1784205772265,Back
1784205772298,Back
1784205772332,Back
1784205772365,Back
1784205772398,Back
1784205772432,Back
1784205772465,Back
1784205772498,Back
1784205772532,Back
1784205772565,Back
1784205772598,Back
1784205772632,Back
1784205772665,Back
1784205772704,Front
1784205772737,Front
1784205772771,Front
1784205772804,Front
1784205772837,Front
1784205772871,Front
1784205772904,Front
1784205772937,Front
1784205772971,Front
1784205773004,Front
1784205773037,Front
1784205773071,Front
1784205773104,Front
1784205773137,Front
1784205773171,Front
1784205773204,Front
1784205773237,Front
1784205773271,Front
1784205773304,Front
1784205773337,Front
1784205773371,Front
1784205773404,Front
1784205773437,Front
1784205773471,Front
1784205773504,Front
1784205773537,Front
1784205773571,Front
1784205773604,Front
1784205773637,Front
1784205773671,Front
1784205772698,Back
1784205772732,Back
1784205772765,Back
1784205772798,Back
1784205772832,Back
1784205772865,Back
1784205772898,Back
1784205772932,Back
1784205772965,Back
1784205772999,Back
1784205773032,Back
1784205773065,Back
1784205773099,Back
1784205773132,Back
1784205773165,Back
1784205773199,Back
1784205773232,Back
1784205773265,Back
1784205773299,Back
1784205773332,Back
1784205773365,Back
1784205773399,Back
1784205773432,Back
1784205773465,Back
1784205773499,Back
1784205773532,Back
1784205773565,Back
1784205773599,Back
1784205773632,Back
1784205773665,Back
1784205773704,Front
1784205773737,Front
1784205773771,Front
1784205773804,Front
1784205773837,Front
1784205773871,Front
1784205773904,Front
1784205773937,Front
1784205773971,Front
1784205774004,Front
1784205774037,Front
1784205774071,Front
1784205774104,Front
1784205774137,Front
1784205774171,Front
1784205774204,Front
1784205774237,Front
1784205774271,Front
1784205774304,Front
1784205774337,Front
1784205774371,Front
1784205774404,Front
1784205774437,Front
1784205774471,Front
1784205774504,Front
1784205774537,Front
1784205774571,Front
1784205774604,Front
1784205774637,Front
1784205774671,Front
1784205773699,Back
1784205773732,Back
1784205773765,Back
1784205773799,Back
1784205773832,Back
1784205773866,Back
1784205773899,Back
1784205773932,Back
1784205773966,Back
1784205773999,Back
1784205774032,Back
1784205774066,Back
1784205774099,Back
1784205774132,Back
1784205774166,Back
1784205774199,Back
1784205774232,Back
1784205774266,Back
1784205774299,Back
1784205774332,Back
1784205774366,Back
1784205774399,Back
1784205774432,Back
1784205774466,Back
1784205774499,Back
1784205774532,Back
1784205774566,Back
1784205774599,Back
1784205774632,Back
1784205774666,Back
1784205774704,Front
1784205774737,Front
1784205774771,Front
1784205774804,Front
1784205774837,Front
1784205774871,Front
1784205774904,Front
1784205774937,Front
1784205774971,Front
1784205775004,Front
1784205775037,Front
1784205775071,Front
1784205775104,Front
1784205775137,Front
1784205775171,Front
1784205775204,Front
1784205775237,Front
1784205775271,Front
1784205775304,Front
1784205775337,Front
1784205775371,Front
1784205775404,Front
1784205775437,Front
1784205775471,Front
1784205775504,Front
1784205775537,Front
1784205775571,Front
1784205775604,Front
1784205775637,Front
1784205775671,Front
1784205774699,Back
1784205774732,Back
1784205774766,Back
1784205774799,Back
1784205774833,Back
1784205774866,Back
1784205774899,Back
1784205774933,Back
1784205774966,Back
1784205774999,Back
1784205775033,Back
1784205775066,Back
1784205775099,Back
1784205775133,Back
1784205775166,Back
1784205775199,Back
1784205775233,Back
1784205775266,Back
1784205775299,Back
1784205775333,Back
1784205775366,Back
1784205775399,Back
1784205775433,Back
1784205775466,Back
1784205775499,Back
1784205775533,Back
1784205775566,Back
1784205775599,Back
1784205775633,Back
1784205775666,Back
1784205775704,Front
1784205775737,Front
1784205775771,Front
1784205775804,Front
1784205775837,Front
1784205775871,Front
1784205775904,Front
1784205775937,Front
1784205775971,Front
1784205776004,Front
1784205776037,Front
1784205776071,Front
1784205776104,Front
1784205776137,Front
1784205776171,Front
1784205776204,Front
1784205776237,Front
1784205776271,Front
1784205776304,Front
1784205776337,Front
1784205776371,Front
1784205776404,Front
1784205776437,Front
1784205776471,Front
1784205776504,Front
1784205776537,Front
1784205776571,Front
1784205776604,Front
1784205776637,Front
1784205776671,Front
1784205775700,Back
1784205775733,Back
1784205775766,Back
1784205775800,Back
1784205775833,Back
1784205775866,Back
1784205775900,Back
1784205775933,Back
1784205775966,Back
1784205776000,Back
1784205776033,Back
1784205776066,Back
1784205776100,Back
1784205776133,Back
1784205776166,Back
1784205776200,Back
1784205776233,Back
1784205776266,Back
1784205776300,Back
1784205776333,Back
1784205776366,Back
1784205776400,Back
1784205776433,Back
1784205776466,Back
1784205776500,Back
1784205776533,Back
1784205776566,Back
1784205776600,Back
1784205776633,Back
1784205776667,Back
1784205776704,Front
1784205776737,Front
1784205776771,Front
1784205776804,Front
1784205776837,Front
1784205776871,Front
1784205776904,Front
1784205776937,Front
1784205776971,Front
1784205777004,Front
1784205777037,Front
1784205777071,Front
1784205777104,Front
1784205777137,Front
1784205777171,Front
1784205777204,Front
1784205777237,Front
1784205777271,Front
1784205777304,Front
1784205777337,Front
1784205777371,Front
1784205777404,Front
1784205777437,Front
1784205777471,Front
1784205777504,Front
1784205777537,Front
1784205777571,Front
1784205777604,Front
1784205777637,Front
1784205777671,Front
1784205776700,Back
1784205776733,Back
1784205776767,Back
1784205776800,Back
1784205776833,Back
1784205776867,Back
1784205776900,Back
1784205776933,Back
1784205776967,Back
1784205777000,Back
1784205777033,Back
1784205777067,Back
1784205777100,Back
1784205777133,Back
1784205777167,Back
1784205777200,Back
1784205777233,Back
1784205777267,Back
1784205777300,Back
1784205777333,Back
1784205777367,Back
1784205777400,Back
1784205777433,Back
1784205777467,Back
1784205777500,Back
1784205777534,Back
1784205777567,Back
1784205777600,Back
1784205777634,Back
1784205777667,Back
1784205777704,Front
1784205777737,Front
1784205777771,Front
1784205777804,Front
1784205777837,Front
1784205777871,Front
1784205777904,Front
1784205777937,Front
1784205777971,Front
1784205778004,Front
1784205778037,Front
1784205778071,Front
1784205778104,Front
1784205778137,Front
1784205778171,Front
1784205778204,Front
1784205778237,Front
1784205778271,Front
1784205778304,Front
1784205778337,Front
1784205778371,Front
1784205778404,Front
1784205778437,Front
1784205778471,Front
1784205778504,Front
1784205778537,Front
1784205778571,Front
1784205778604,Front
1784205778637,Front
1784205778671,Front
1784205777700,Back
1784205777734,Back
1784205777767,Back
1784205777800,Back
1784205777834,Back
1784205777867,Back
1784205777900,Back
1784205777934,Back
1784205777967,Back
1784205778000,Back
1784205778034,Back
1784205778067,Back
1784205778100,Back
1784205778134,Back
1784205778167,Back
1784205778200,Back
1784205778234,Back
1784205778267,Back
1784205778300,Back
1784205778334,Back
1784205778367,Back
1784205778400,Back
1784205778434,Back
1784205778467,Back
1784205778501,Back
1784205778534,Back
1784205778567,Back
1784205778601,Back
1784205778634,Back
1784205778667,Back
1784205778701,Back
1784205778704,Front
1784205778737,Front
1784205778771,Front
1784205778804,Front
1784205778837,Front
1784205778871,Front
1784205778904,Front
1784205778937,Front
1784205778971,Front
1784205779004,Front
1784205779037,Front
1784205779071,Front
1784205779104,Front
1784205779137,Front
1784205779171,Front
1784205779204,Front
1784205779237,Front
1784205779271,Front
1784205779304,Front
1784205779337,Front
1784205779371,Front
1784205779404,Front
1784205779437,Front
1784205779471,Front
1784205779504,Front
1784205779537,Front
1784205779571,Front
1784205779604,Front
1784205779637,Front
1784205779671,Front
1784205778734,Back
1784205778767,Back
1784205778801,Back
1784205778834,Back
1784205778867,Back
1784205778901,Back
1784205778934,Back
1784205778967,Back
1784205779001,Back
1784205779034,Back
1784205779067,Back
1784205779101,Back
1784205779134,Back
1784205779167,Back
1784205779201,Back
1784205779234,Back
1784205779267,Back
1784205779301,Back
1784205779334,Back
1784205779368,Back
1784205779401,Back
1784205779434,Back
1784205779468,Back
1784205779501,Back
1784205779534,Back
1784205779568,Back
1784205779601,Back
1784205779634,Back
1784205779668,Back
1784205779704,Front
1784205779737,Front
1784205779771,Front
1784205779804,Front
1784205779837,Front
1784205779871,Front
1784205779904,Front
1784205779937,Front
1784205779971,Front
1784205780004,Front
1784205780037,Front
1784205780071,Front
1784205780104,Front
1784205780137,Front
1784205780171,Front
1784205780204,Front
1784205780237,Front
1784205780271,Front
1784205780304,Front
1784205780337,Front
1784205780371,Front
1784205780404,Front
1784205780437,Front
1784205780471,Front
1784205780504,Front
1784205780537,Front
1784205780571,Front
1784205780604,Front
1784205780637,Front
1784205780671,Front
1784205779701,Back
1784205779734,Back
1784205779768,Back
1784205779801,Back
1784205779834,Back
1784205779868,Back
1784205779901,Back
1784205779934,Back
1784205779968,Back
1784205780001,Back
1784205780034,Back
1784205780068,Back
1784205780101,Back
1784205780134,Back
1784205780168,Back
1784205780201,Back
1784205780234,Back
1784205780268,Back
1784205780301,Back
1784205780335,Back
1784205780368,Back
1784205780401,Back
1784205780435,Back
1784205780468,Back
1784205780501,Back
1784205780535,Back
1784205780568,Back
1784205780601,Back
1784205780635,Back
1784205780668,Back
1784205780701,Back
1784205780704,Front
1784205780737,Front
1784205780771,Front
1784205780804,Front
1784205780837,Front
1784205780871,Front
1784205780904,Front
1784205780937,Front
1784205780971,Front
1784205781004,Front
1784205781037,Front
1784205781071,Front
1784205781104,Front
1784205781137,Front
1784205781171,Front
1784205781204,Front
1784205781237,Front
1784205781271,Front
1784205781304,Front
1784205781337,Front
1784205781371,Front
1784205781404,Front
1784205781437,Front
1784205781471,Front
1784205781504,Front
1784205781537,Front
1784205781571,Front
1784205781604,Front
1784205781637,Front
1784205781671,Front
1784205780735,Back
1784205780768,Back
1784205780801,Back
1784205780835,Back
1784205780868,Back
1784205780901,Back
1784205780935,Back
1784205780968,Back
1784205781001,Back
1784205781035,Back
1784205781068,Back
1784205781101,Back
1784205781135,Back
1784205781168,Back
1784205781202,Back
1784205781235,Back
1784205781268,Back
1784205781302,Back
1784205781335,Back
1784205781368,Back
1784205781402,Back
1784205781435,Back
1784205781468,Back
1784205781502,Back
1784205781535,Back
1784205781568,Back
1784205781602,Back
1784205781635,Back
1784205781668,Back
1784205781702,Back
1784205781704,Front
1784205781737,Front
1784205781771,Front
1784205781804,Front
1784205781837,Front
1784205781871,Front
1784205781904,Front
1784205781937,Front
1784205781971,Front
1784205782004,Front
1784205782037,Front
1784205782071,Front
1784205782104,Front
1784205782137,Front
1784205782171,Front
1784205782204,Front
1784205782237,Front
1784205782271,Front
1784205782304,Front
1784205782337,Front
1784205782371,Front
1784205782404,Front
1784205782437,Front
1784205782471,Front
1784205782504,Front
1784205782537,Front
1784205782571,Front
1784205782604,Front
1784205782637,Front
1784205782671,Front
1784205781735,Back
1784205781768,Back
1784205781802,Back
1784205781835,Back
1784205781868,Back
1784205781902,Back
1784205781935,Back
1784205781968,Back
1784205782002,Back
1784205782035,Back
1784205782069,Back
1784205782102,Back
1784205782135,Back
1784205782169,Back
1784205782202,Back
1784205782235,Back
1784205782269,Back
1784205782302,Back
1784205782335,Back
1784205782369,Back
1784205782402,Back
1784205782435,Back
1784205782469,Back
1784205782502,Back
1784205782535,Back
1784205782569,Back
1784205782602,Back
1784205782635,Back
1784205782669,Back
1784205782702,Back
1784205782704,Front
1784205782737,Front
1784205782771,Front
1784205782804,Front
1784205782837,Front
1784205782871,Front
1784205782904,Front
1784205782937,Front
1784205782971,Front
1784205783004,Front
1784205783037,Front
1784205783071,Front
1784205783104,Front
1784205783137,Front
1784205783171,Front
1784205783204,Front
1784205783237,Front
1784205783271,Front
1784205783304,Front
1784205783337,Front
1784205783371,Front
1784205783404,Front
1784205783437,Front
1784205783471,Front
1784205783504,Front
1784205783537,Front
1784205783571,Front
1784205783604,Front
1784205783637,Front
1784205783671,Front
1784205782735,Back
1784205782769,Back
1784205782802,Back
1784205782835,Back
1784205782869,Back
1784205782902,Back
1784205782935,Back
1784205782969,Back
1784205783002,Back
1784205783036,Back
1784205783069,Back
1784205783102,Back
1784205783136,Back
1784205783169,Back
1784205783202,Back
1784205783236,Back
1784205783269,Back
1784205783302,Back
1784205783336,Back
1784205783369,Back
1784205783402,Back
1784205783436,Back
1784205783469,Back
1784205783502,Back
1784205783536,Back
1784205783569,Back
1784205783602,Back
1784205783636,Back
1784205783669,Back
1784205783702,Back
1784205783704,Front
1784205783737,Front
1784205783771,Front
1784205783804,Front
1784205783837,Front
1784205783871,Front
1784205783904,Front
1784205783937,Front
1784205783971,Front
1784205784004,Front
1784205784037,Front
1784205784071,Front
1784205784104,Front
1784205784137,Front
1784205784171,Front
1784205784204,Front
1784205784237,Front
1784205784271,Front
1784205784304,Front
1784205784337,Front
1784205784371,Front
1784205784404,Front
1784205784437,Front
1784205784471,Front
1784205784504,Front
1784205784537,Front
1784205784571,Front
1784205784604,Front
1784205784637,Front
1784205784671,Front
1784205784704,Front
1784205783736,Back
1784205783769,Back
1784205783802,Back
1784205783836,Back
1784205783869,Back
1784205783903,Back
1784205783936,Back
1784205783969,Back
1784205784003,Back
1784205784036,Back
1784205784069,Back
1784205784103,Back
1784205784136,Back
1784205784169,Back
1784205784203,Back
1784205784236,Back
1784205784269,Back
1784205784303,Back
1784205784336,Back
1784205784369,Back
1784205784403,Back
1784205784436,Back
1784205784469,Back
1784205784503,Back
1784205784536,Back
1784205784569,Back
1784205784603,Back
1784205784636,Back
1784205784669,Back
1784205784703,Back
1784205784737,Front
1784205784771,Front
1784205784804,Front
1784205784837,Front
1784205784871,Front
1784205784904,Front
1784205784937,Front
1784205784971,Front
1784205785004,Front
1784205785037,Front
1784205785071,Front
1784205785104,Front
1784205785137,Front
1784205785171,Front
1784205785204,Front
1784205785237,Front
1784205785271,Front
1784205785304,Front
1784205785337,Front
1784205785371,Front
1784205785404,Front
1784205785437,Front
1784205785471,Front
1784205785504,Front
1784205785537,Front
1784205785571,Front
1784205785604,Front
1784205785637,Front
1784205785671,Front
1784205785704,Front
1784205784736,Back
1784205784769,Back
1784205784803,Back
1784205784836,Back
1784205784870,Back
1784205784903,Back
1784205784936,Back
1784205784970,Back
1784205785003,Back
1784205785036,Back
1784205785070,Back
1784205785103,Back
1784205785136,Back
1784205785170,Back
1784205785203,Back
1784205785236,Back
1784205785270,Back
1784205785303,Back
1784205785336,Back
1784205785370,Back
1784205785403,Back
1784205785436,Back
1784205785470,Back
1784205785503,Back
1784205785536,Back
1784205785570,Back
1784205785603,Back
1784205785636,Back
1784205785670,Back
1784205785737,Front
1784205785771,Front
1784205785804,Front
1784205785837,Front
1784205785871,Front
1784205785904,Front
1784205785937,Front
1784205785971,Front
1784205786004,Front
1784205786037,Front
1784205786071,Front
1784205786104,Front
1784205786137,Front
1784205786171,Front
1784205786204,Front
1784205786237,Front
1784205786271,Front
1784205786304,Front
1784205786337,Front
1784205786371,Front
1784205786404,Front
1784205786437,Front
1784205786471,Front
1784205786504,Front
1784205786537,Front
1784205786571,Front
1784205786604,Front
1784205786637,Front
1784205786671,Front
1784205786704,Front
1784205785703,Back
1784205785737,Back
1784205785770,Back
1784205785803,Back
1784205785837,Back
1784205785870,Back
1784205785903,Back
1784205785937,Back
1784205785970,Back
1784205786003,Back
1784205786037,Back
1784205786070,Back
1784205786103,Back
1784205786137,Back
1784205786170,Back
1784205786203,Back
1784205786237,Back
1784205786270,Back
1784205786303,Back
1784205786337,Back
1784205786370,Back
1784205786403,Back
1784205786437,Back
1784205786470,Back
1784205786503,Back
1784205786537,Back
1784205786570,Back
1784205786603,Back
1784205786637,Back
1784205786670,Back
1784205786704,Back
1784205786737,Front
1784205786771,Front
1784205786804,Front
1784205786837,Front
1784205786871,Front
1784205786904,Front
1784205786937,Front
1784205786971,Front
1784205787004,Front
1784205787037,Front
1784205787071,Front
1784205787104,Front
1784205787137,Front
1784205787171,Front
1784205787204,Front
1784205787237,Front
1784205787271,Front
1784205787304,Front
1784205787337,Front
1784205787371,Front
1784205787404,Front
1784205787437,Front
1784205787471,Front
1784205787504,Front
1784205787537,Front
1784205787571,Front
1784205787604,Front
1784205787637,Front
1784205787671,Front
1784205787704,Front
1784205786737,Back
1784205786770,Back
1784205786804,Back
1784205786837,Back
1784205786870,Back
1784205786904,Back
1784205786937,Back
1784205786970,Back
1784205787004,Back
1784205787037,Back
1784205787070,Back
1784205787104,Back
1784205787137,Back
1784205787170,Back
1784205787204,Back
1784205787237,Back
1784205787270,Back
1784205787304,Back
1784205787337,Back
1784205787370,Back
1784205787404,Back
1784205787437,Back
1784205787470,Back
1784205787504,Back
1784205787537,Back
1784205787571,Back
1784205787604,Back
1784205787637,Back
1784205787671,Back
1784205787704,Back
1784205787737,Front
1784205787771,Front
1784205787804,Front
1784205787837,Front
1784205787871,Front
1784205787904,Front
1784205787937,Front
1784205787971,Front
1784205788004,Front
1784205788037,Front
1784205788071,Front
1784205788104,Front
1784205788137,Front
1784205788171,Front
1784205788204,Front
1784205788237,Front
1784205788271,Front
1784205788304,Front
1784205788337,Front
1784205788371,Front
1784205788404,Front
1784205788437,Front
1784205788471,Front
1784205788504,Front
1784205788537,Front
1784205788571,Front
1784205788604,Front
1784205788637,Front
1784205788671,Front
1784205788704,Front
1784205787737,Back
1784205787771,Back
1784205787804,Back
1784205787837,Back
1784205787871,Back
1784205787904,Back
1784205787937,Back
1784205787971,Back
1784205788004,Back
1784205788037,Back
1784205788071,Back
1784205788104,Back
1784205788137,Back
1784205788171,Back
1784205788204,Back
1784205788237,Back
1784205788271,Back
1784205788304,Back
1784205788337,Back
1784205788371,Back
1784205788404,Back
1784205788438,Back
1784205788471,Back
1784205788504,Back
1784205788538,Back
1784205788571,Back
1784205788604,Back
1784205788638,Back
1784205788671,Back
1784205788704,Back
1784205788737,Front
1784205788771,Front
1784205788804,Front
1784205788837,Front
1784205788871,Front
1784205788904,Front
1784205788937,Front
1784205788971,Front
1784205789004,Front
1784205789037,Front
1784205789071,Front
1784205789104,Front
1784205789137,Front
1784205789171,Front
1784205789204,Front
1784205789237,Front
1784205789271,Front
1784205789304,Front
1784205789337,Front
1784205789371,Front
1784205789404,Front
1784205789437,Front
1784205789471,Front
1784205789504,Front
1784205789537,Front
1784205789571,Front
1784205789604,Front
1784205789637,Front
1784205789671,Front
1784205789704,Front
1784205788738,Back
1784205788771,Back
1784205788804,Back
1784205788838,Back
1784205788871,Back
1784205788904,Back
1784205788938,Back
1784205788971,Back
1784205789004,Back
1784205789038,Back
1784205789071,Back
1784205789104,Back
1784205789138,Back
1784205789171,Back
1784205789204,Back
1784205789238,Back
1784205789271,Back
1784205789304,Back
1784205789338,Back
1784205789371,Back
1784205789405,Back
1784205789438,Back
1784205789471,Back
1784205789505,Back
1784205789538,Back
1784205789571,Back
1784205789605,Back
1784205789638,Back
1784205789671,Back
1784205789705,Back
1784205789737,Front
1784205789771,Front
1784205789804,Front
1784205789837,Front
1784205789871,Front
1784205789904,Front
1784205789937,Front
1784205789971,Front
1784205790004,Front
1784205790037,Front
1784205790071,Front
1784205790104,Front
1784205790137,Front
1784205790171,Front
1784205790204,Front
1784205790237,Front
1784205790271,Front
1784205790304,Front
1784205790337,Front
1784205790371,Front
1784205790404,Front
1784205790437,Front
1784205790471,Front
1784205790504,Front
1784205790537,Front
1784205790571,Front
1784205790604,Front
1784205790637,Front
1784205790671,Front
1784205790704,Front
1784205789738,Back
1784205789771,Back
1784205789805,Back
1784205789838,Back
1784205789871,Back
1784205789905,Back
1784205789938,Back
1784205789971,Back
1784205790005,Back
1784205790038,Back
1784205790071,Back
1784205790105,Back
1784205790138,Back
1784205790171,Back
1784205790205,Back
1784205790238,Back
1784205790272,Back
1784205790305,Back
1784205790338,Back
1784205790372,Back
1784205790405,Back
1784205790438,Back
1784205790472,Back
1784205790505,Back
1784205790538,Back
1784205790572,Back
1784205790605,Back
1784205790638,Back
1784205790672,Back
1784205790705,Back
1784205790737,Front
1784205790771,Front
1784205790804,Front
1784205790837,Front
1784205790871,Front
1784205790904,Front
1784205790937,Front
1784205790971,Front
1784205791004,Front
1784205791037,Front
1784205791071,Front
1784205791104,Front
1784205791137,Front
1784205791171,Front
1784205791204,Front
1784205791237,Front
1784205791271,Front
1784205791304,Front
1784205791337,Front
1784205791371,Front
1784205791404,Front
1784205791437,Front
1784205791471,Front
1784205791504,Front
1784205791537,Front
1784205791571,Front
1784205791604,Front
1784205791637,Front
1784205791671,Front
1784205791704,Front
1784205790738,Back
1784205790772,Back
1784205790805,Back
1784205790838,Back
1784205790872,Back
1784205790905,Back
1784205790938,Back
1784205790972,Back
1784205791005,Back
1784205791038,Back
1784205791072,Back
1784205791105,Back
1784205791138,Back
1784205791172,Back
1784205791205,Back
1784205791239,Back
1784205791272,Back
1784205791305,Back
1784205791339,Back
1784205791372,Back
1784205791405,Back
1784205791439,Back
1784205791472,Back
1784205791505,Back
1784205791539,Back
1784205791572,Back
1784205791605,Back
1784205791639,Back
1784205791672,Back
1784205791705,Back
1784205791737,Front
1784205791771,Front
1784205791804,Front
1784205791837,Front
1784205791871,Front
1784205791904,Front
1784205791937,Front
1784205791971,Front
1784205792004,Front
1784205792037,Front
1784205792071,Front
1784205792104,Front
1784205792137,Front
1784205792171,Front
1784205792204,Front
1784205792237,Front
1784205792271,Front
1784205792304,Front
1784205792337,Front
1784205792371,Front
1784205792404,Front
1784205792437,Front
1784205792471,Front
1784205792504,Front
1784205792537,Front
1784205792571,Front
1784205792604,Front
1784205792637,Front
1784205792671,Front
1784205792704,Front
1784205791739,Back
1784205791772,Back
1784205791805,Back
1784205791839,Back
1784205791872,Back
1784205791905,Back
1784205791939,Back
1784205791972,Back
1784205792005,Back
1784205792039,Back
1784205792072,Back
1784205792106,Back
1784205792139,Back
1784205792172,Back
1784205792206,Back
1784205792239,Back
1784205792272,Back
1784205792306,Back
1784205792339,Back
1784205792372,Back
1784205792406,Back
1784205792439,Back
1784205792472,Back
1784205792506,Back
1784205792539,Back
1784205792572,Back
1784205792606,Back
1784205792639,Back
1784205792672,Back
1784205792706,Back
1784205792737,Front
1784205792771,Front
1784205792804,Front
1784205792837,Front
1784205792871,Front
1784205792904,Front
1784205792937,Front
1784205792971,Front
1784205793004,Front
1784205793037,Front
1784205793071,Front
1784205793104,Front
1784205793137,Front
1784205793171,Front
1784205793204,Front
1784205793237,Front
1784205793271,Front
1784205793304,Front
1784205793337,Front
1784205793371,Front
1784205793404,Front
1784205793437,Front
1784205793471,Front
1784205793504,Front
1784205793537,Front
1784205793571,Front
1784205793604,Front
1784205793637,Front
1784205793671,Front
1784205793704,Front
1784205793737,Front
1784205792739,Back
1784205792772,Back
1784205792806,Back
1784205792839,Back
1784205792872,Back
1784205792906,Back
1784205792939,Back
1784205792972,Back
1784205793006,Back
1784205793039,Back
1784205793073,Back
1784205793106,Back
1784205793139,Back
1784205793173,Back
1784205793206,Back
1784205793239,Back
1784205793273,Back
1784205793306,Back
1784205793339,Back
1784205793373,Back
1784205793406,Back
1784205793439,Back
1784205793473,Back
1784205793506,Back
1784205793539,Back
1784205793573,Back
1784205793606,Back
1784205793639,Back
1784205793673,Back
1784205793706,Back
1784205793771,Front
1784205793804,Front
1784205793837,Front
1784205793871,Front
1784205793904,Front
1784205793937,Front
1784205793971,Front
1784205794004,Front
1784205794037,Front
1784205794071,Front
1784205794104,Front
1784205794137,Front
1784205794171,Front
1784205794204,Front
1784205794237,Front
1784205794271,Front
1784205794304,Front
1784205794337,Front
1784205794371,Front
1784205794404,Front
1784205794437,Front
1784205794471,Front
1784205794504,Front
1784205794537,Front
1784205794571,Front
1784205794604,Front
1784205794637,Front
1784205794671,Front
1784205794704,Front
1784205794737,Front
1784205793739,Back
1784205793773,Back
1784205793806,Back
1784205793839,Back
1784205793873,Back
1784205793906,Back
1784205793940,Back
1784205793973,Back
1784205794006,Back
1784205794040,Back
1784205794073,Back
1784205794106,Back
1784205794140,Back
1784205794173,Back
1784205794206,Back
1784205794240,Back
1784205794273,Back
1784205794306,Back
1784205794340,Back
1784205794373,Back
1784205794406,Back
1784205794440,Back
1784205794473,Back
1784205794506,Back
1784205794540,Back
1784205794573,Back
1784205794606,Back
1784205794640,Back
1784205794673,Back
1784205794706,Back
1784205794771,Front
1784205794804,Front
1784205794837,Front
1784205794871,Front
1784205794904,Front
1784205794937,Front
1784205794971,Front
1784205795004,Front
1784205795037,Front
1784205795071,Front
1784205795104,Front
1784205795137,Front
1784205795171,Front
1784205795204,Front
1784205795237,Front
1784205795271,Front
1784205795304,Front
1784205795337,Front
1784205795371,Front
1784205795404,Front
1784205795437,Front
1784205795471,Front
1784205795504,Front
1784205795537,Front
1784205795571,Front
1784205795604,Front
1784205795637,Front
1784205795671,Front
1784205795704,Front
1784205795737,Front
1784205794740,Back
1784205794773,Back
1784205794807,Back
1784205794840,Back
1784205794873,Back
1784205794907,Back
1784205794940,Back
1784205794973,Back
1784205795007,Back
1784205795040,Back
1784205795073,Back
1784205795107,Back
1784205795140,Back
1784205795173,Back
1784205795207,Back
1784205795240,Back
1784205795273,Back
1784205795307,Back
1784205795340,Back
1784205795373,Back
1784205795407,Back
1784205795440,Back
1784205795473,Back
1784205795507,Back
1784205795540,Back
1784205795573,Back
1784205795607,Back
1784205795640,Back
1784205795673,Back
1784205795707,Back
1784205795771,Front
1784205795804,Front
1784205795837,Front
1784205795871,Front
1784205795904,Front
1784205795937,Front
1784205795971,Front
1784205796004,Front
1784205796037,Front
1784205796071,Front
1784205796104,Front
1784205796137,Front
1784205796171,Front
1784205796204,Front
1784205796237,Front
1784205796271,Front
1784205796304,Front
1784205796337,Front
1784205796371,Front
1784205796404,Front
1784205796437,Front
1784205796471,Front
1784205796504,Front
1784205796537,Front
1784205796571,Front
1784205796604,Front
1784205796637,Front
1784205796671,Front
1784205796704,Front
1784205796737,Front
1784205795740,Back
1784205795774,Back
1784205795807,Back
1784205795840,Back
1784205795874,Back
1784205795907,Back
1784205795940,Back
1784205795974,Back
1784205796007,Back
1784205796040,Back
1784205796074,Back
1784205796107,Back
1784205796140,Back
1784205796174,Back
1784205796207,Back
1784205796240,Back
1784205796274,Back
1784205796307,Back
1784205796340,Back
1784205796374,Back
1784205796407,Back
1784205796440,Back
1784205796474,Back
1784205796507,Back
1784205796540,Back
1784205796574,Back
1784205796607,Back
1784205796641,Back
1784205796674,Back
1784205796707,Back
1784205796741,Back
1784205796771,Front
1784205796804,Front
1784205796837,Front
1784205796871,Front
1784205796904,Front
1784205796937,Front
1784205796971,Front
1784205797004,Front
1784205797037,Front
1784205797071,Front
1784205797104,Front
1784205797137,Front
1784205797171,Front
1784205797204,Front
1784205797237,Front
1784205797271,Front
1784205797304,Front
1784205797337,Front
1784205797371,Front
1784205797404,Front
1784205797437,Front
1784205797471,Front
1784205797504,Front
1784205797537,Front
1784205797571,Front
1784205797604,Front
1784205797637,Front
1784205797671,Front
1784205797704,Front
1784205797737,Front
1784205796774,Back
1784205796807,Back
1784205796841,Back
1784205796874,Back
1784205796907,Back
1784205796941,Back
1784205796974,Back
1784205797007,Back
1784205797041,Back
1784205797074,Back
1784205797107,Back
1784205797141,Back
1784205797174,Back
1784205797207,Back
1784205797241,Back
1784205797274,Back
1784205797307,Back
1784205797341,Back
1784205797374,Back
1784205797407,Back
1784205797441,Back
1784205797474,Back
1784205797507,Back
1784205797541,Back
1784205797574,Back
1784205797608,Back
1784205797641,Back
1784205797674,Back
1784205797708,Back
1784205797741,Back
1784205797771,Front
1784205797804,Front
1784205797837,Front
1784205797871,Front
1784205797904,Front
1784205797937,Front
1784205797971,Front
1784205798004,Front
1784205798037,Front
1784205798071,Front
1784205798104,Front
1784205798137,Front
1784205798171,Front
1784205798204,Front
1784205798237,Front
1784205798271,Front
1784205798304,Front
1784205798337,Front
1784205798371,Front
1784205798404,Front
1784205798437,Front
1784205798471,Front
1784205798504,Front
1784205798537,Front
1784205798571,Front
1784205798604,Front
1784205798637,Front
1784205798671,Front
1784205798704,Front
1784205798737,Front
1784205797774,Back
1784205797808,Back
1784205797841,Back
1784205797874,Back
1784205797908,Back
1784205797941,Back
1784205797974,Back
1784205798008,Back
1784205798041,Back
1784205798074,Back
1784205798108,Back
1784205798141,Back
1784205798174,Back
1784205798208,Back
1784205798241,Back
1784205798274,Back
1784205798308,Back
1784205798341,Back
1784205798374,Back
1784205798408,Back
1784205798441,Back
1784205798475,Back
1784205798508,Back
1784205798541,Back
1784205798575,Back
1784205798608,Back
1784205798641,Back
1784205798675,Back
1784205798708,Back
1784205798741,Back
1784205798771,Front
1784205798804,Front
1784205798837,Front
1784205798871,Front
1784205798904,Front
1784205798937,Front
1784205798971,Front
1784205799004,Front
1784205799037,Front
1784205799071,Front
1784205799104,Front
1784205799137,Front
1784205799171,Front
1784205799204,Front
1784205799237,Front
1784205799271,Front
1784205799304,Front
1784205799337,Front
1784205799371,Front
1784205799404,Front
1784205799437,Front
1784205799471,Front
1784205799504,Front
1784205799537,Front
1784205799571,Front
1784205799604,Front
1784205799637,Front
1784205799671,Front
1784205799704,Front
1784205799737,Front
1784205798775,Back
1784205798808,Back
1784205798841,Back
1784205798875,Back
1784205798908,Back
1784205798941,Back
1784205798975,Back
1784205799008,Back
1784205799041,Back
1784205799075,Back
1784205799108,Back
1784205799141,Back
1784205799175,Back
1784205799208,Back
1784205799241,Back
1784205799275,Back
1784205799308,Back
1784205799341,Back
1784205799375,Back
1784205799408,Back
1784205799442,Back
1784205799475,Back
1784205799508,Back
1784205799542,Back
1784205799575,Back
1784205799608,Back
1784205799642,Back
1784205799675,Back
1784205799708,Back
1784205799742,Back
1784205799771,Front
1784205799804,Front
1784205799837,Front
1784205799871,Front
1784205799904,Front
1784205799937,Front
1784205799971,Front
1784205800004,Front
1784205800037,Front
1784205800071,Front
1784205800104,Front
1784205800137,Front
1784205800171,Front
1784205800204,Front
1784205800237,Front
1784205800271,Front
1784205800304,Front
1784205800337,Front
1784205800371,Front
1784205800404,Front
1784205800437,Front
1784205800471,Front
1784205800504,Front
1784205800537,Front
1784205800571,Front
1784205800604,Front
1784205800637,Front
1784205800671,Front
1784205800704,Front
1784205800737,Front
1784205799775,Back
1784205799808,Back
1784205799842,Back
1784205799875,Back
1784205799908,Back
1784205799942,Back
1784205799975,Back
1784205800008,Back
1784205800042,Back
1784205800075,Back
1784205800108,Back
1784205800142,Back
1784205800175,Back
1784205800208,Back
1784205800242,Back
1784205800275,Back
1784205800309,Back
1784205800342,Back
1784205800375,Back
1784205800409,Back
1784205800442,Back
1784205800475,Back
1784205800509,Back
1784205800542,Back
1784205800575,Back
1784205800609,Back
1784205800642,Back
1784205800675,Back
1784205800709,Back
1784205800742,Back
1784205800771,Front
1784205800804,Front
1784205800837,Front
1784205800871,Front
1784205800904,Front
1784205800937,Front
1784205800971,Front
1784205801004,Front
1784205801037,Front
1784205801071,Front
1784205801104,Front
1784205801137,Front
1784205801171,Front
1784205801204,Front
1784205801237,Front
1784205801271,Front
1784205801304,Front
1784205801337,Front
1784205801371,Front
1784205801404,Front
1784205801437,Front
1784205801471,Front
1784205801504,Front
1784205801537,Front
1784205801571,Front
1784205801604,Front
1784205801637,Front
1784205801671,Front
1784205801704,Front
1784205801737,Front
1784205800775,Back
1784205800809,Back
1784205800842,Back
1784205800875,Back
1784205800909,Back
1784205800942,Back
1784205800975,Back
1784205801009,Back
1784205801042,Back
1784205801075,Back
1784205801109,Back
1784205801142,Back
1784205801175,Back
1784205801209,Back
1784205801242,Back
1784205801276,Back
1784205801309,Back
1784205801342,Back
1784205801376,Back
1784205801409,Back
1784205801442,Back
1784205801476,Back
1784205801509,Back
1784205801542,Back
1784205801576,Back
1784205801609,Back
1784205801642,Back
1784205801676,Back
1784205801709,Back
1784205801742,Back
1784205801771,Front
1784205801804,Front
1784205801837,Front
1784205801871,Front
1784205801904,Front
1784205801937,Front
1784205801971,Front
1784205802004,Front
1784205802037,Front
1784205802071,Front
1784205802104,Front
1784205802137,Front
1784205802171,Front
1784205802204,Front
1784205802237,Front
1784205802271,Front
1784205802304,Front
1784205802337,Front
1784205802371,Front
1784205802404,Front
1784205802437,Front
1784205802471,Front
1784205802504,Front
1784205802537,Front
1784205802571,Front
1784205802604,Front
1784205802637,Front
1784205802671,Front
1784205802704,Front
1784205802737,Front
1784205801776,Back
1784205801809,Back
1784205801842,Back
1784205801876,Back
1784205801909,Back
1784205801942,Back
1784205801976,Back
1784205802009,Back
1784205802042,Back
1784205802076,Back
1784205802109,Back
1784205802143,Back
1784205802176,Back
1784205802209,Back
1784205802243,Back
1784205802276,Back
1784205802309,Back
1784205802343,Back
1784205802376,Back
1784205802409,Back
1784205802443,Back
1784205802476,Back
1784205802509,Back
1784205802543,Back
1784205802576,Back
1784205802609,Back
1784205802643,Back
1784205802676,Back
1784205802709,Back
1784205802743,Back
1784205802771,Front
1784205802804,Front
1784205802837,Front
1784205802871,Front
1784205802904,Front
1784205802937,Front
1784205802971,Front
1784205803004,Front
1784205803037,Front
1784205803071,Front
1784205803104,Front
1784205803137,Front
1784205803171,Front
1784205803204,Front
1784205803237,Front
1784205803271,Front
1784205803304,Front
1784205803337,Front
1784205803371,Front
1784205803404,Front
1784205803437,Front
1784205803471,Front
1784205803504,Front
1784205803537,Front
1784205803571,Front
1784205803604,Front
1784205803637,Front
1784205803671,Front
1784205803704,Front
1784205803737,Front
1784205802776,Back
1784205802809,Back
1784205802843,Back
1784205802876,Back
1784205802909,Back
1784205802943,Back
1784205802976,Back
1784205803010,Back
1784205803043,Back
1784205803076,Back
1784205803110,Back
1784205803143,Back
1784205803176,Back
1784205803210,Back
1784205803243,Back
1784205803276,Back
1784205803310,Back
1784205803343,Back
1784205803376,Back
1784205803410,Back
1784205803443,Back
1784205803476,Back
1784205803510,Back
1784205803543,Back
1784205803576,Back
1784205803610,Back
1784205803643,Back
1784205803676,Back
1784205803710,Back
1784205803743,Back
1784205803771,Front
1784205803804,Front
1784205803837,Front
1784205803871,Front
1784205803904,Front
1784205803937,Front
1784205803971,Front
1784205804004,Front
1784205804037,Front
1784205804071,Front
1784205804104,Front
1784205804137,Front
1784205804171,Front
1784205804204,Front
1784205804237,Front
1784205804271,Front
1784205804304,Front
1784205804337,Front
1784205804371,Front
1784205804404,Front
1784205804437,Front
1784205804471,Front
1784205804504,Front
1784205804537,Front
1784205804571,Front
1784205804604,Front
1784205804637,Front
1784205804671,Front
1784205804704,Front
1784205804737,Front
1784205803776,Back
1784205803810,Back
1784205803843,Back
1784205803876,Back
1784205803910,Back
1784205803943,Back
1784205803977,Back
1784205804010,Back
1784205804043,Back
1784205804077,Back
1784205804110,Back
1784205804143,Back
1784205804177,Back
1784205804210,Back
1784205804243,Back
1784205804277,Back
1784205804310,Back
1784205804343,Back
1784205804377,Back
1784205804410,Back
1784205804443,Back
1784205804477,Back
1784205804510,Back
1784205804543,Back
1784205804577,Back
1784205804610,Back
1784205804643,Back
1784205804677,Back
1784205804710,Back
1784205804743,Back
1784205804771,Front
1784205804804,Front
1784205804837,Front
1784205804871,Front
1784205804904,Front
1784205804937,Front
1784205804971,Front
1784205805004,Front
1784205805037,Front
1784205805071,Front
1784205805104,Front
1784205805137,Front
1784205805171,Front
1784205805204,Front
1784205805237,Front
1784205805271,Front
1784205805304,Front
1784205805337,Front
1784205805371,Front
1784205805404,Front
1784205805437,Front
1784205805471,Front
1784205805504,Front
1784205805537,Front
1784205805571,Front
1784205805604,Front
1784205805637,Front
1784205805671,Front
1784205805704,Front
1784205805737,Front
1784205805771,Front
1784205804777,Back
1784205804810,Back
1784205804844,Back
1784205804877,Back
1784205804910,Back
1784205804944,Back
1784205804977,Back
1784205805010,Back
1784205805044,Back
1784205805077,Back
1784205805110,Back
1784205805144,Back
1784205805177,Back
1784205805210,Back
1784205805244,Back
1784205805277,Back
1784205805310,Back
1784205805344,Back
1784205805377,Back
1784205805410,Back
1784205805444,Back
1784205805477,Back
1784205805510,Back
1784205805544,Back
1784205805577,Back
1784205805610,Back
1784205805644,Back
1784205805677,Back
1784205805710,Back
1784205805744,Back
1784205805804,Front
1784205805837,Front
1784205805871,Front
1784205805904,Front
1784205805937,Front
1784205805971,Front
1784205806004,Front
1784205806037,Front
1784205806071,Front
1784205806104,Front
1784205806137,Front
1784205806171,Front
1784205806204,Front
1784205806237,Front
1784205806271,Front
1784205806304,Front
1784205806337,Front
1784205806371,Front
1784205806404,Front
1784205806437,Front
1784205806471,Front
1784205806504,Front
1784205806537,Front
1784205806571,Front
1784205806604,Front
1784205806637,Front
1784205806671,Front
1784205806704,Front
1784205806737,Front
1784205806771,Front
1784205805777,Back
1784205805811,Back
1784205805844,Back
1784205805877,Back
1784205805911,Back
1784205805944,Back
1784205805977,Back
1784205806011,Back
1784205806044,Back
1784205806077,Back
1784205806111,Back
1784205806144,Back
1784205806177,Back
1784205806211,Back
1784205806244,Back
1784205806277,Back
1784205806311,Back
1784205806344,Back
1784205806377,Back
1784205806411,Back
1784205806444,Back
1784205806477,Back
1784205806511,Back
1784205806544,Back
1784205806577,Back
1784205806611,Back
1784205806644,Back
1784205806678,Back
1784205806711,Back
1784205806744,Back
1784205806804,Front
1784205806837,Front
1784205806871,Front
1784205806904,Front
1784205806937,Front
1784205806971,Front
1784205807004,Front
1784205807037,Front
1784205807071,Front
1784205807104,Front
1784205807137,Front
1784205807171,Front
1784205807204,Front
1784205807237,Front
1784205807271,Front
1784205807304,Front
1784205807337,Front
1784205807371,Front
1784205807404,Front
1784205807437,Front
1784205807471,Front
1784205807504,Front
1784205807537,Front
1784205807571,Front
1784205807604,Front
1784205807637,Front
1784205807671,Front
1784205807704,Front
1784205807737,Front
1784205807771,Front
1784205806778,Back
1784205806811,Back
1784205806844,Back
1784205806878,Back
1784205806911,Back
1784205806944,Back
1784205806978,Back
1784205807011,Back
1784205807044,Back
1784205807078,Back
1784205807111,Back
1784205807144,Back
1784205807178,Back
1784205807211,Back
1784205807244,Back
1784205807278,Back
1784205807311,Back
1784205807344,Back
1784205807378,Back
1784205807411,Back
1784205807444,Back
1784205807478,Back
1784205807511,Back
1784205807544,Back
1784205807578,Back
1784205807611,Back
1784205807645,Back
1784205807678,Back
1784205807711,Back
1784205807745,Back
1784205807804,Front
1784205807837,Front
1784205807871,Front
1784205807904,Front
1784205807937,Front
1784205807971,Front
1784205808004,Front
1784205808037,Front
1784205808071,Front
1784205808104,Front
1784205808137,Front
1784205808171,Front
1784205808204,Front
1784205808237,Front
1784205808271,Front
1784205808304,Front
1784205808337,Front
1784205808371,Front
1784205808404,Front
1784205808437,Front
1784205808471,Front
1784205808504,Front
1784205808537,Front
1784205808571,Front
1784205808604,Front
1784205808637,Front
1784205808671,Front
1784205808704,Front
1784205808737,Front
1784205808771,Front
1784205807778,Back
1784205807811,Back
1784205807845,Back
1784205807878,Back
1784205807911,Back
1784205807945,Back
1784205807978,Back
1784205808011,Back
1784205808045,Back
1784205808078,Back
1784205808111,Back
1784205808145,Back
1784205808178,Back
1784205808211,Back
1784205808245,Back
1784205808278,Back
1784205808311,Back
1784205808345,Back
1784205808378,Back
1784205808411,Back
1784205808445,Back
1784205808478,Back
1784205808512,Back
1784205808545,Back
1784205808578,Back
1784205808612,Back
1784205808645,Back
1784205808678,Back
1784205808712,Back
1784205808745,Back
1784205808778,Back
1784205808804,Front
1784205808837,Front
1784205808871,Front
1784205808904,Front
1784205808937,Front
1784205808971,Front
1784205809004,Front
1784205809037,Front
1784205809071,Front
1784205809104,Front
1784205809137,Front
1784205809171,Front
1784205809204,Front
1784205809237,Front
1784205809271,Front
1784205809304,Front
1784205809337,Front
1784205809371,Front
1784205809404,Front
1784205809437,Front
1784205809471,Front
1784205809504,Front
1784205809537,Front
1784205809571,Front
1784205809604,Front
1784205809637,Front
1784205809671,Front
1784205809704,Front
1784205809737,Front
1784205809771,Front
1784205808812,Back
1784205808845,Back
1784205808878,Back
1784205808912,Back
1784205808945,Back
1784205808978,Back
1784205809012,Back
1784205809045,Back
1784205809078,Back
1784205809112,Back
1784205809145,Back
1784205809178,Back
1784205809212,Back
1784205809245,Back
1784205809278,Back
1784205809312,Back
1784205809345,Back
1784205809378,Back
1784205809412,Back
1784205809445,Back
1784205809479,Back
1784205809512,Back
1784205809545,Back
1784205809579,Back
1784205809612,Back
1784205809645,Back
1784205809679,Back
1784205809712,Back
1784205809745,Back
1784205809779,Back
1784205809804,Front
1784205809837,Front
1784205809871,Front
1784205809904,Front
1784205809937,Front
1784205809971,Front
1784205810004,Front
1784205810037,Front
1784205810071,Front
1784205810104,Front
1784205810137,Front
1784205810171,Front
1784205810204,Front
1784205810237,Front
1784205810271,Front
1784205810304,Front
1784205810337,Front
1784205810371,Front
1784205810404,Front
1784205810437,Front
1784205810471,Front
1784205810504,Front
1784205810537,Front
1784205810571,Front
1784205810604,Front
1784205810637,Front
1784205810671,Front
1784205810704,Front
1784205810737,Front
1784205810771,Front
1784205809812,Back
1784205809845,Back
1784205809879,Back
1784205809912,Back
1784205809945,Back
1784205809979,Back
1784205810012,Back
1784205810045,Back
1784205810079,Back
1784205810112,Back
1784205810145,Back
1784205810179,Back
1784205810212,Back
1784205810245,Back
1784205810279,Back
1784205810312,Back
1784205810346,Back
1784205810379,Back
1784205810412,Back
1784205810446,Back
1784205810479,Back
1784205810512,Back
1784205810546,Back
1784205810579,Back
1784205810612,Back
1784205810646,Back
1784205810679,Back
1784205810712,Back
1784205810746,Back
1784205810779,Back
1784205810804,Front
1784205810837,Front
1784205810871,Front
1784205810904,Front
1784205810937,Front
1784205810971,Front
1784205811004,Front
1784205811037,Front
1784205811071,Front
1784205811104,Front
1784205811137,Front
1784205811171,Front
1784205811204,Front
1784205811237,Front
1784205811271,Front
1784205811304,Front
1784205811337,Front
1784205811371,Front
1784205811404,Front
1784205811437,Front
1784205811471,Front
1784205811504,Front
1784205811537,Front
1784205811571,Front
1784205811604,Front
1784205811637,Front
1784205811671,Front
1784205811704,Front
1784205811737,Front
1784205811771,Front
1784205810812,Back
1784205810846,Back
1784205810879,Back
1784205810912,Back
1784205810946,Back
1784205810979,Back
1784205811012,Back
1784205811046,Back
1784205811079,Back
1784205811112,Back
1784205811146,Back
1784205811179,Back
1784205811213,Back
1784205811246,Back
1784205811279,Back
1784205811313,Back
1784205811346,Back
1784205811379,Back
1784205811413,Back
1784205811446,Back
1784205811479,Back
1784205811513,Back
1784205811546,Back
1784205811579,Back
1784205811613,Back
1784205811646,Back
1784205811679,Back
1784205811713,Back
1784205811746,Back
1784205811779,Back
1784205811804,Front
1784205811837,Front
1784205811871,Front
1784205811904,Front
1784205811937,Front
1784205811971,Front
1784205812004,Front
1784205812037,Front
1784205812071,Front
1784205812104,Front
1784205812137,Front
1784205812171,Front
1784205812204,Front
1784205812237,Front
1784205812271,Front
1784205812304,Front
1784205812337,Front
1784205812371,Front
1784205812404,Front
1784205812437,Front
1784205812471,Front
1784205812504,Front
1784205812537,Front
1784205812571,Front
1784205812604,Front
1784205812637,Front
1784205812671,Front
1784205812704,Front
1784205812737,Front
1784205812771,Front
1784205811813,Back
1784205811846,Back
1784205811879,Back
1784205811913,Back
1784205811946,Back
1784205811979,Back
1784205812013,Back
1784205812046,Back
1784205812079,Back
1784205812113,Back
1784205812146,Back
1784205812180,Back
1784205812213,Back
1784205812246,Back
1784205812280,Back
1784205812313,Back
1784205812346,Back
1784205812380,Back
1784205812413,Back
1784205812446,Back
1784205812480,Back
1784205812513,Back
1784205812546,Back
1784205812580,Back
1784205812613,Back
1784205812646,Back
1784205812680,Back
1784205812713,Back
1784205812746,Back
1784205812780,Back
1784205812804,Front
1784205812837,Front
1784205812871,Front
1784205812904,Front
1784205812937,Front
1784205812971,Front
1784205813004,Front
1784205813037,Front
1784205813071,Front
1784205813104,Front
1784205813137,Front
1784205813171,Front
1784205813204,Front
1784205813237,Front
1784205813271,Front
1784205813304,Front
1784205813337,Front
1784205813371,Front
1784205813404,Front
1784205813437,Front
1784205813471,Front
1784205813504,Front
1784205813537,Front
1784205813571,Front
1784205813604,Front
1784205813637,Front
1784205813671,Front
1784205813704,Front
1784205813737,Front
1784205813771,Front
1784205812813,Back
1784205812846,Back
1784205812880,Back
1784205812913,Back
1784205812946,Back
1784205812980,Back
1784205813013,Back
1784205813047,Back
1784205813080,Back
1784205813113,Back
1784205813147,Back
1784205813180,Back
1784205813213,Back
1784205813247,Back
1784205813280,Back
1784205813313,Back
1784205813347,Back
1784205813380,Back
1784205813413,Back
1784205813447,Back
1784205813480,Back
1784205813513,Back
1784205813547,Back
1784205813580,Back
1784205813613,Back
1784205813647,Back
1784205813680,Back
1784205813713,Back
1784205813747,Back
1784205813780,Back
1784205813804,Front
1784205813837,Front
1784205813871,Front
1784205813904,Front
1784205813937,Front
1784205813971,Front
1784205814004,Front
1784205814037,Front
1784205814071,Front
1784205814104,Front
1784205814137,Front
1784205814171,Front
1784205814204,Front
1784205814237,Front
1784205814271,Front
1784205814304,Front
1784205814337,Front
1784205814371,Front
1784205814404,Front
1784205814437,Front
1784205814471,Front
1784205814504,Front
1784205814537,Front
1784205814571,Front
1784205814604,Front
1784205814637,Front
1784205814671,Front
1784205814704,Front
1784205814737,Front
1784205814771,Front
1784205813813,Back
1784205813847,Back
1784205813880,Back
1784205813913,Back
1784205813947,Back
1784205813980,Back
1784205814014,Back
1784205814047,Back
1784205814080,Back
1784205814114,Back
1784205814147,Back
1784205814180,Back
1784205814214,Back
1784205814247,Back
1784205814280,Back
1784205814314,Back
1784205814347,Back
1784205814380,Back
1784205814414,Back
1784205814447,Back
1784205814480,Back
1784205814514,Back
1784205814547,Back
1784205814580,Back
1784205814614,Back
1784205814647,Back
1784205814680,Back
1784205814714,Back
1784205814747,Back
1784205814780,Back
1784205814804,Front
1784205814837,Front
1784205814871,Front
1784205814904,Front
1784205814937,Front
1784205814971,Front
1784205815004,Front
1784205815037,Front
1784205815071,Front
1784205815104,Front
1784205815137,Front
1784205815171,Front
1784205815204,Front
1784205815237,Front
1784205815271,Front
1784205815304,Front
1784205815337,Front
1784205815371,Front
1784205815404,Front
1784205815437,Front
1784205815471,Front
1784205815504,Front
1784205815537,Front
1784205815571,Front
1784205815604,Front
1784205815637,Front
1784205815671,Front
1784205815704,Front
1784205815737,Front
1784205815771,Front
1784205814814,Back
1784205814847,Back
1784205814881,Back
1784205814914,Back
1784205814947,Back
1784205814981,Back
1784205815014,Back
1784205815047,Back
1784205815081,Back
1784205815114,Back
1784205815147,Back
1784205815181,Back
1784205815214,Back
1784205815247,Back
1784205815281,Back
1784205815314,Back
1784205815347,Back
1784205815381,Back
1784205815414,Back
1784205815447,Back
1784205815481,Back
1784205815514,Back
1784205815547,Back
1784205815581,Back
1784205815614,Back
1784205815647,Back
1784205815681,Back
1784205815714,Back
1784205815747,Back
1784205815781,Back
1784205815804,Front
1784205815837,Front
1784205815871,Front
1784205815904,Front
1784205815937,Front
1784205815971,Front
1784205816004,Front
1784205816037,Front
1784205816071,Front
1784205816104,Front
1784205816137,Front
1784205816171,Front
1784205816204,Front
1784205816237,Front
1784205816271,Front
1784205816304,Front
1784205816337,Front
1784205816371,Front
1784205816404,Front
1784205816437,Front
1784205816471,Front
1784205816504,Front
1784205816537,Front
1784205816571,Front
1784205816604,Front
1784205816637,Front
1784205816671,Front
1784205816704,Front
1784205816737,Front
1784205816771,Front
1784205815814,Back
1784205815848,Back
1784205815881,Back
1784205815914,Back
1784205815948,Back
1784205815981,Back
1784205816014,Back
1784205816048,Back
1784205816081,Back
1784205816114,Back
1784205816148,Back
1784205816181,Back
1784205816214,Back
1784205816248,Back
1784205816281,Back
1784205816314,Back
1784205816348,Back
1784205816381,Back
1784205816414,Back
1784205816448,Back
1784205816481,Back
1784205816514,Back
1784205816548,Back
1784205816581,Back
1784205816614,Back
1784205816648,Back
1784205816681,Back
1784205816715,Back
1784205816748,Back
1784205816781,Back
1784205816804,Front
1784205816837,Front
1784205816871,Front
1784205816904,Front
1784205816937,Front
1784205816971,Front
1784205817004,Front
1784205817037,Front
1784205817071,Front
1784205817104,Front
1784205817137,Front
1784205817171,Front
1784205817204,Front
1784205817237,Front
1784205817271,Front
1784205817304,Front
1784205817337,Front
1784205817371,Front
1784205817404,Front
1784205817437,Front
1784205817471,Front
1784205817504,Front
1784205817537,Front
1784205817571,Front
1784205817604,Front
1784205817637,Front
1784205817671,Front
1784205817704,Front
1784205817737,Front
1784205817771,Front
1784205817804,Front
1784205816815,Back
1784205816848,Back
1784205816881,Back
1784205816915,Back
1784205816948,Back
1784205816981,Back
1784205817015,Back
1784205817048,Back
1784205817081,Back
1784205817115,Back
1784205817148,Back
1784205817181,Back
1784205817215,Back
1784205817248,Back
1784205817281,Back
1784205817315,Back
1784205817348,Back
1784205817381,Back
1784205817415,Back
1784205817448,Back
1784205817481,Back
1784205817515,Back
1784205817548,Back
1784205817582,Back
1784205817615,Back
1784205817648,Back
1784205817682,Back
1784205817715,Back
1784205817748,Back
1784205817782,Back
1784205817837,Front
1784205817871,Front
1784205817904,Front
1784205817937,Front
1784205817971,Front
1784205818004,Front
1784205818037,Front
1784205818071,Front
1784205818104,Front
1784205818137,Front
1784205818171,Front
1784205818204,Front
1784205818237,Front
1784205818271,Front
1784205818304,Front
1784205818337,Front
1784205818371,Front
1784205818404,Front
1784205818437,Front
1784205818471,Front
1784205818504,Front
1784205818537,Front
1784205818571,Front
1784205818604,Front
1784205818637,Front
1784205818671,Front
1784205818704,Front
1784205818737,Front
1784205818771,Front
1784205818804,Front
1784205817815,Back
1784205817848,Back
1784205817882,Back
1784205817915,Back
1784205817948,Back
1784205817982,Back
1784205818015,Back
1784205818048,Back
1784205818082,Back
1784205818115,Back
1784205818148,Back
1784205818182,Back
1784205818215,Back
1784205818248,Back
1784205818282,Back
1784205818315,Back
1784205818348,Back
1784205818382,Back
1784205818415,Back
1784205818448,Back
1784205818482,Back
1784205818515,Back
1784205818549,Back
1784205818582,Back
1784205818615,Back
1784205818649,Back
1784205818682,Back
1784205818715,Back
1784205818749,Back
1784205818782,Back
1784205818837,Front
1784205818871,Front
1784205818904,Front
1784205818937,Front
1784205818971,Front
1784205819004,Front
1784205819037,Front
1784205819071,Front
1784205819104,Front
1784205819137,Front
1784205819171,Front
1784205819204,Front
1784205819237,Front
1784205819271,Front
1784205819304,Front
1784205819337,Front
1784205819371,Front
1784205819404,Front
1784205819437,Front
1784205819471,Front
1784205819504,Front
1784205819537,Front
1784205819571,Front
1784205819604,Front
1784205819637,Front
1784205819671,Front
1784205819704,Front
1784205819737,Front
1784205819771,Front
1784205819804,Front
1784205818815,Back
1784205818849,Back
1784205818882,Back
1784205818915,Back
1784205818949,Back
1784205818982,Back
1784205819015,Back
1784205819049,Back
1784205819082,Back
1784205819115,Back
1784205819149,Back
1784205819182,Back
1784205819215,Back
1784205819249,Back
1784205819282,Back
1784205819315,Back
1784205819349,Back
1784205819382,Back
1784205819416,Back
1784205819449,Back
1784205819482,Back
1784205819516,Back
1784205819549,Back
1784205819582,Back
1784205819616,Back
1784205819649,Back
1784205819682,Back
1784205819716,Back
1784205819749,Back
1784205819782,Back
1784205819837,Front
1784205819871,Front
1784205819904,Front
1784205819937,Front
1784205819971,Front
1784205820004,Front
1784205820037,Front
1784205820071,Front
1784205820104,Front
1784205820137,Front
1784205820171,Front
1784205820204,Front
1784205820238,Front
1784205820271,Front
1784205820304,Front
1784205820338,Front
1784205820371,Front
1784205820404,Front
1784205820438,Front
1784205820471,Front
1784205820504,Front
1784205820538,Front
1784205820571,Front
1784205820604,Front
1784205820638,Front
1784205820671,Front
1784205820704,Front
1784205820738,Front
1784205820771,Front
1784205820804,Front
1784205819816,Back
1784205819849,Back
1784205819882,Back
1784205819916,Back
1784205819949,Back
1784205819982,Back
1784205820016,Back
1784205820049,Back
1784205820082,Back
1784205820116,Back
1784205820149,Back
1784205820182,Back
1784205820216,Back
1784205820249,Back
1784205820282,Back
1784205820316,Back
1784205820349,Back
1784205820383,Back
1784205820416,Back
1784205820449,Back
1784205820483,Back
1784205820516,Back
1784205820549,Back
1784205820583,Back
1784205820616,Back
1784205820649,Back
1784205820683,Back
1784205820716,Back
1784205820749,Back
1784205820783,Back
1784205820838,Front
1784205820871,Front
1784205820904,Front
1784205820938,Front
1784205820971,Front
1784205821004,Front
1784205821038,Front
1784205821071,Front
1784205821104,Front
1784205821138,Front
1784205821171,Front
1784205821204,Front
1784205821238,Front
1784205821271,Front
1784205821304,Front
1784205821338,Front
1784205821371,Front
1784205821404,Front
1784205821438,Front
1784205821471,Front
1784205821504,Front
1784205821538,Front
1784205821571,Front
1784205821604,Front
1784205821638,Front
1784205821671,Front
1784205821704,Front
1784205821738,Front
1784205821771,Front
1784205821804,Front
1784205820816,Back
1784205820849,Back
1784205820883,Back
1784205820916,Back
1784205820949,Back
1784205820983,Back
1784205821016,Back
1784205821049,Back
1784205821083,Back
1784205821116,Back
1784205821149,Back
1784205821183,Back
1784205821216,Back
1784205821250,Back
1784205821283,Back
1784205821316,Back
1784205821350,Back
1784205821383,Back
1784205821416,Back
1784205821450,Back
1784205821483,Back
1784205821516,Back
1784205821550,Back
1784205821583,Back
1784205821616,Back
1784205821650,Back
1784205821683,Back
1784205821716,Back
1784205821750,Back
1784205821783,Back
1784205821838,Front
1784205821871,Front
1784205821904,Front
1784205821938,Front
1784205821971,Front
1784205822004,Front
1784205822038,Front
1784205822071,Front
1784205822104,Front
1784205822138,Front
1784205822171,Front
1784205822204,Front
1784205822238,Front
1784205822271,Front
1784205822304,Front
1784205822338,Front
1784205822371,Front
1784205822404,Front
1784205822438,Front
1784205822471,Front
1784205822504,Front
1784205822538,Front
1784205822571,Front
1784205822604,Front
1784205822638,Front
1784205822671,Front
1784205822704,Front
1784205822738,Front
1784205822771,Front
1784205822804,Front
1784205821816,Back
1784205821850,Back
1784205821883,Back
1784205821916,Back
1784205821950,Back
1784205821983,Back
1784205822016,Back
1784205822050,Back
1784205822083,Back
1784205822116,Back
1784205822150,Back
1784205822183,Back
1784205822217,Back
1784205822250,Back
1784205822283,Back
1784205822317,Back
1784205822350,Back
1784205822383,Back
1784205822417,Back
1784205822450,Back
1784205822483,Back
1784205822517,Back
1784205822550,Back
1784205822583,Back
1784205822617,Back
1784205822650,Back
1784205822683,Back
1784205822717,Back
1784205822750,Back
1784205822783,Back
1784205822838,Front
1784205822871,Front
1784205822904,Front
1784205822938,Front
1784205822971,Front
1784205823004,Front
1784205823038,Front
1784205823071,Front
1784205823104,Front
1784205823138,Front
1784205823171,Front
1784205823204,Front
1784205823238,Front
1784205823271,Front
1784205823304,Front
1784205823338,Front
1784205823371,Front
1784205823404,Front
1784205823438,Front
1784205823471,Front
1784205823504,Front
1784205823538,Front
1784205823571,Front
1784205823604,Front
1784205823638,Front
1784205823671,Front
1784205823704,Front
1784205823738,Front
1784205823771,Front
1784205823804,Front
1784205822817,Back
1784205822850,Back
1784205822883,Back
1784205822917,Back
1784205822950,Back
1784205822983,Back
1784205823017,Back
1784205823050,Back
1784205823084,Back
1784205823117,Back
1784205823150,Back
1784205823184,Back
1784205823217,Back
1784205823250,Back
1784205823284,Back
1784205823317,Back
1784205823350,Back
1784205823384,Back
1784205823417,Back
1784205823450,Back
1784205823484,Back
1784205823517,Back
1784205823550,Back
1784205823584,Back
1784205823617,Back
1784205823650,Back
1784205823684,Back
1784205823717,Back
1784205823750,Back
1784205823784,Back
1784205823838,Front
1784205823871,Front
1784205823904,Front
1784205823938,Front
1784205823971,Front
1784205824004,Front
1784205824038,Front
1784205824071,Front
1784205824104,Front
1784205824138,Front
1784205824171,Front
1784205824204,Front
1784205824238,Front
1784205824271,Front
1784205824304,Front
1784205824338,Front
1784205824371,Front
1784205824404,Front
1784205824438,Front
1784205824471,Front
1784205824504,Front
1784205824538,Front
1784205824571,Front
1784205824604,Front
1784205824638,Front
1784205824671,Front
1784205824704,Front
1784205824738,Front
1784205824771,Front
1784205824804,Front
1784205823817,Back
1784205823850,Back
1784205823884,Back
1784205823917,Back
1784205823951,Back
1784205823984,Back
1784205824017,Back
1784205824051,Back
1784205824084,Back
1784205824117,Back
1784205824151,Back
1784205824184,Back
1784205824217,Back
1784205824251,Back
1784205824284,Back
1784205824317,Back
1784205824351,Back
1784205824384,Back
1784205824417,Back
1784205824451,Back
1784205824484,Back
1784205824517,Back
1784205824551,Back
1784205824584,Back
1784205824617,Back
1784205824651,Back
1784205824684,Back
1784205824717,Back
1784205824751,Back
1784205824784,Back
1784205824817,Back
1784205824838,Front
1784205824871,Front
1784205824904,Front
1784205824938,Front
1784205824971,Front
1784205825004,Front
1784205825038,Front
1784205825071,Front
1784205825104,Front
1784205825138,Front
1784205825171,Front
1784205825204,Front
1784205825238,Front
1784205825271,Front
1784205825304,Front
1784205825338,Front
1784205825371,Front
1784205825404,Front
1784205825438,Front
1784205825471,Front
1784205825504,Front
1784205825538,Front
1784205825571,Front
1784205825604,Front
1784205825638,Front
1784205825671,Front
1784205825704,Front
1784205825738,Front
1784205825771,Front
1784205825804,Front
1784205824851,Back
1784205824884,Back
1784205824918,Back
1784205824951,Back
1784205824984,Back
1784205825018,Back
1784205825051,Back
1784205825084,Back
1784205825118,Back
1784205825151,Back
1784205825184,Back
1784205825218,Back
1784205825251,Back
1784205825284,Back
1784205825318,Back
1784205825351,Back
1784205825384,Back
1784205825418,Back
1784205825451,Back
1784205825484,Back
1784205825518,Back
1784205825551,Back
1784205825584,Back
1784205825618,Back
1784205825651,Back
1784205825684,Back
1784205825718,Back
1784205825751,Back
1784205825785,Back
1784205825818,Back
1784205825838,Front
1784205825871,Front
1784205825904,Front
1784205825938,Front
1784205825971,Front
1784205826004,Front
1784205826038,Front
1784205826071,Front
1784205826104,Front
1784205826138,Front
1784205826171,Front
1784205826204,Front
1784205826238,Front
1784205826271,Front
1784205826304,Front
1784205826338,Front
1784205826371,Front
1784205826404,Front
1784205826438,Front
1784205826471,Front
1784205826504,Front
1784205826538,Front
1784205826571,Front
1784205826604,Front
1784205826638,Front
1784205826671,Front
1784205826704,Front
1784205826738,Front
1784205826771,Front
1784205826804,Front
1784205825851,Back
1784205825885,Back
1784205825918,Back
1784205825951,Back
1784205825985,Back
1784205826018,Back
1784205826051,Back
1784205826085,Back
1784205826118,Back
1784205826151,Back
1784205826185,Back
1784205826218,Back
1784205826251,Back
1784205826285,Back
1784205826318,Back
1784205826351,Back
1784205826385,Back
1784205826418,Back
1784205826451,Back
1784205826485,Back
1784205826518,Back
1784205826551,Back
1784205826585,Back
1784205826618,Back
1784205826651,Back
1784205826685,Back
1784205826718,Back
1784205826752,Back
1784205826785,Back
1784205826818,Back
1784205826838,Front
1784205826871,Front
1784205826904,Front
1784205826938,Front
1784205826971,Front
1784205827004,Front
1784205827038,Front
1784205827071,Front
1784205827104,Front
1784205827138,Front
1784205827171,Front
1784205827204,Front
1784205827238,Front
1784205827271,Front
1784205827304,Front
1784205827338,Front
1784205827371,Front
1784205827404,Front
1784205827438,Front
1784205827471,Front
1784205827504,Front
1784205827538,Front
1784205827571,Front
1784205827604,Front
1784205827638,Front
1784205827671,Front
1784205827704,Front
1784205827738,Front
1784205827771,Front
1784205827804,Front
1784205826852,Back
1784205826885,Back
1784205826918,Back
1784205826952,Back
1784205826985,Back
1784205827018,Back
1784205827052,Back
1784205827085,Back
1784205827118,Back
1784205827152,Back
1784205827185,Back
1784205827218,Back
1784205827252,Back
1784205827285,Back
1784205827318,Back
1784205827352,Back
1784205827385,Back
1784205827418,Back
1784205827452,Back
1784205827485,Back
1784205827518,Back
1784205827552,Back
1784205827585,Back
1784205827619,Back
1784205827652,Back
1784205827685,Back
1784205827719,Back
1784205827752,Back
1784205827785,Back
1784205827819,Back
1784205827838,Front
1784205827871,Front
1784205827904,Front
1784205827938,Front
1784205827971,Front
1784205828004,Front
1784205828038,Front
1784205828071,Front
1784205828104,Front
1784205828138,Front
1784205828171,Front
1784205828204,Front
1784205828238,Front
1784205828271,Front
1784205828304,Front
1784205828338,Front
1784205828371,Front
1784205828404,Front
1784205828438,Front
1784205828471,Front
1784205828504,Front
1784205828538,Front
1784205828571,Front
1784205828604,Front
1784205828638,Front
1784205828671,Front
1784205828704,Front
1784205828738,Front
1784205828771,Front
1784205828804,Front
1784205828838,Front
1784205827852,Back
1784205827885,Back
1784205827919,Back
1784205827952,Back
1784205827985,Back
1784205828019,Back
1784205828052,Back
1784205828085,Back
1784205828119,Back
1784205828152,Back
1784205828185,Back
1784205828219,Back
1784205828252,Back
1784205828285,Back
1784205828319,Back
1784205828352,Back
1784205828385,Back
1784205828419,Back
1784205828452,Back
1784205828485,Back
1784205828519,Back
1784205828552,Back
1784205828586,Back
1784205828619,Back
1784205828652,Back
1784205828686,Back
1784205828719,Back
1784205828752,Back
1784205828786,Back
1784205828819,Back
1784205828871,Front
1784205828904,Front
1784205828938,Front
1784205828971,Front
1784205829004,Front
1784205829038,Front
1784205829071,Front
1784205829104,Front
1784205829138,Front
1784205829171,Front
1784205829204,Front
1784205829238,Front
1784205829271,Front
1784205829304,Front
1784205829338,Front
1784205829371,Front
1784205829404,Front
1784205829438,Front
1784205829471,Front
1784205829504,Front
1784205829538,Front
1784205829571,Front
1784205829604,Front
1784205829638,Front
1784205829671,Front
1784205829704,Front
1784205829738,Front
1784205829771,Front
1784205829804,Front
1784205828852,Back
1784205828886,Back
1784205828919,Back
1784205828952,Back
1784205828986,Back
1784205829019,Back
1784205829052,Back
1784205829086,Back
1784205829119,Back
1784205829152,Back
1784205829186,Back
1784205829219,Back
1784205829252,Back
1784205829286,Back
1784205829319,Back
1784205829352,Back
1784205829386,Back
1784205829419,Back
1784205829453,Back
1784205829486,Back
1784205829519,Back
1784205829553,Back
1784205829586,Back
1784205829619,Back
1784205829653,Back
1784205829686,Back
1784205829719,Back
1784205829753,Back
1784205829786,Back
1784205829819,Back
1784205829838,Front
1784205829871,Front
1784205829904,Front
1784205829938,Front
1784205829971,Front
1784205830004,Front
1784205830038,Front
1784205830071,Front
1784205830104,Front
1784205830138,Front
1784205830171,Front
1784205830204,Front
1784205830238,Front
1784205830271,Front
1784205830304,Front
1784205830338,Front
1784205830371,Front
1784205830404,Front
1784205830438,Front
1784205830471,Front
1784205830504,Front
1784205830538,Front
1784205830571,Front
1784205830604,Front
1784205830638,Front
1784205830671,Front
1784205830704,Front
1784205830738,Front
1784205830771,Front
1784205830804,Front
1784205830838,Front
1784205829853,Back
1784205829886,Back
1784205829919,Back
1784205829953,Back
1784205829986,Back
1784205830019,Back
1784205830053,Back
1784205830086,Back
1784205830119,Back
1784205830153,Back
1784205830186,Back
1784205830219,Back
1784205830253,Back
1784205830286,Back
1784205830320,Back
1784205830353,Back
1784205830386,Back
1784205830420,Back
1784205830453,Back
1784205830486,Back
1784205830520,Back
1784205830553,Back
1784205830586,Back
1784205830620,Back
1784205830653,Back
1784205830686,Back
1784205830720,Back
1784205830753,Back
1784205830786,Back
1784205830820,Back
1784205830871,Front
1784205830904,Front
1784205830938,Front
1784205830971,Front
1784205831004,Front
1784205831038,Front
1784205831071,Front
1784205831104,Front
1784205831138,Front
1784205831171,Front
1784205831204,Front
1784205831238,Front
1784205831271,Front
1784205831304,Front
1784205831338,Front
1784205831371,Front
1784205831404,Front
1784205831438,Front
1784205831471,Front
1784205831504,Front
1784205831538,Front
1784205831571,Front
1784205831604,Front
1784205831638,Front
1784205831671,Front
1784205831704,Front
1784205831738,Front
1784205831771,Front
1784205831804,Front
1784205831838,Front
1784205830853,Back
1784205830886,Back
1784205830920,Back
1784205830953,Back
1784205830986,Back
1784205831020,Back
1784205831053,Back
1784205831086,Back
1784205831120,Back
1784205831153,Back
1784205831186,Back
1784205831220,Back
1784205831253,Back
1784205831287,Back
1784205831320,Back
1784205831353,Back
1784205831387,Back
1784205831420,Back
1784205831453,Back
1784205831487,Back
1784205831520,Back
1784205831553,Back
1784205831587,Back
1784205831620,Back
1784205831653,Back
1784205831687,Back
1784205831720,Back
1784205831753,Back
1784205831787,Back
1784205831820,Back
1784205831871,Front
1784205831904,Front
1784205831938,Front
1784205831971,Front
1784205832004,Front
1784205832038,Front
1784205832071,Front
1784205832104,Front
1784205832138,Front
1784205832171,Front
1784205832204,Front
1784205832238,Front
1784205832271,Front
1784205832304,Front
1784205832338,Front
1784205832371,Front
1784205832404,Front
1784205832438,Front
1784205832471,Front
1784205832504,Front
1784205832538,Front
1784205832571,Front
1784205832604,Front
1784205832638,Front
1784205832671,Front
1784205832704,Front
1784205832738,Front
1784205832771,Front
1784205832804,Front
1784205832838,Front
1784205831853,Back
1784205831887,Back
1784205831920,Back
1784205831953,Back
1784205831987,Back
1784205832020,Back
1784205832053,Back
1784205832087,Back
1784205832120,Back
1784205832154,Back
1784205832187,Back
1784205832220,Back
1784205832254,Back
1784205832287,Back
1784205832320,Back
1784205832354,Back
1784205832387,Back
1784205832420,Back
1784205832454,Back
1784205832487,Back
1784205832520,Back
1784205832554,Back
1784205832587,Back
1784205832620,Back
1784205832654,Back
1784205832687,Back
1784205832720,Back
1784205832754,Back
1784205832787,Back
1784205832820,Back
1784205832871,Front
1784205832904,Front
1784205832938,Front
1784205832971,Front
1784205833004,Front
1784205833038,Front
1784205833071,Front
1784205833104,Front
1784205833138,Front
1784205833171,Front
1784205833204,Front
1784205833238,Front
1784205833271,Front
1784205833304,Front
1784205833338,Front
1784205833371,Front
1784205833404,Front
1784205833438,Front
1784205833471,Front
1784205833504,Front
1784205833538,Front
1784205833571,Front
1784205833604,Front
1784205833638,Front
1784205833671,Front
1784205833704,Front
1784205833738,Front
1784205833771,Front
1784205833804,Front
1784205833838,Front
1784205832854,Back
1784205832887,Back
1784205832920,Back
1784205832954,Back
1784205832987,Back
1784205833020,Back
1784205833054,Back
1784205833087,Back
1784205833121,Back
1784205833154,Back
1784205833187,Back
1784205833221,Back
1784205833254,Back
1784205833287,Back
1784205833321,Back
1784205833354,Back
1784205833387,Back
1784205833421,Back
1784205833454,Back
1784205833487,Back
1784205833521,Back
1784205833554,Back
1784205833587,Back
1784205833621,Back
1784205833654,Back
1784205833687,Back
1784205833721,Back
1784205833754,Back
1784205833787,Back
1784205833821,Back
1784205833871,Front
1784205833904,Front
1784205833938,Front
1784205833971,Front
1784205834004,Front
1784205834038,Front
1784205834071,Front
1784205834104,Front
1784205834138,Front
1784205834171,Front
1784205834204,Front
1784205834238,Front
1784205834271,Front
1784205834304,Front
1784205834338,Front
1784205834371,Front
1784205834404,Front
1784205834438,Front
1784205834471,Front
1784205834504,Front
1784205834538,Front
1784205834571,Front
1784205834604,Front
1784205834638,Front
1784205834671,Front
1784205834704,Front
1784205834738,Front
1784205834771,Front
1784205834804,Front
1784205834838,Front
1784205833854,Back
1784205833887,Back
1784205833921,Back
1784205833954,Back
1784205833988,Back
1784205834021,Back
1784205834054,Back
1784205834088,Back
1784205834121,Back
1784205834154,Back
1784205834188,Back
1784205834221,Back
1784205834254,Back
1784205834288,Back
1784205834321,Back
1784205834354,Back
1784205834388,Back
1784205834421,Back
1784205834454,Back
1784205834488,Back
1784205834521,Back
1784205834554,Back
1784205834588,Back
1784205834621,Back
1784205834654,Back
1784205834688,Back
1784205834721,Back
1784205834754,Back
1784205834788,Back
1784205834821,Back
1784205834871,Front
1784205834904,Front
1784205834938,Front
1784205834971,Front
1784205835004,Front
1784205835038,Front
1784205835071,Front
1784205835104,Front
1784205835138,Front
1784205835171,Front
1784205835204,Front
1784205835238,Front
1784205835271,Front
1784205835304,Front
1784205835338,Front
1784205835371,Front
1784205835404,Front
1784205835438,Front
1784205835471,Front
1784205835504,Front
1784205835538,Front
1784205835571,Front
1784205835604,Front
1784205835638,Front
1784205835671,Front
1784205835704,Front
1784205835738,Front
1784205835771,Front
1784205835804,Front
1784205835838,Front
1784205834854,Back
1784205834888,Back
1784205834921,Back
1784205834955,Back
1784205834988,Back
1784205835021,Back
1784205835055,Back
1784205835088,Back
1784205835121,Back
1784205835155,Back
1784205835188,Back
1784205835221,Back
1784205835255,Back
1784205835288,Back
1784205835321,Back
1784205835355,Back
1784205835388,Back
1784205835421,Back
1784205835455,Back
1784205835488,Back
1784205835521,Back
1784205835555,Back
1784205835588,Back
1784205835621,Back
1784205835655,Back
1784205835688,Back
1784205835721,Back
1784205835755,Back
1784205835788,Back
1784205835822,Back
1784205835871,Front
1784205835904,Front
1784205835938,Front
1784205835971,Front
1784205836004,Front
1784205836038,Front
1784205836071,Front
1784205836104,Front
1784205836138,Front
1784205836171,Front
1784205836204,Front
1784205836238,Front
1784205836271,Front
1784205836304,Front
1784205836338,Front
1784205836371,Front
1784205836404,Front
1784205836438,Front
1784205836471,Front
1784205836504,Front
1784205836538,Front
1784205836571,Front
1784205836604,Front
1784205836638,Front
1784205836671,Front
1784205836704,Front
1784205836738,Front
1784205836771,Front
1784205836804,Front
1784205836838,Front
1784205835855,Back
1784205835888,Back
1784205835922,Back
1784205835955,Back
1784205835988,Back
1784205836022,Back
1784205836055,Back
1784205836088,Back
1784205836122,Back
1784205836155,Back
1784205836188,Back
1784205836222,Back
1784205836255,Back
1784205836288,Back
1784205836322,Back
1784205836355,Back
1784205836388,Back
1784205836422,Back
1784205836455,Back
1784205836488,Back
1784205836522,Back
1784205836555,Back
1784205836588,Back
1784205836622,Back
1784205836655,Back
1784205836688,Back
1784205836722,Back
1784205836755,Back
1784205836789,Back
1784205836822,Back
1784205836871,Front
1784205836904,Front
1784205836938,Front
1784205836971,Front
1784205837004,Front
1784205837038,Front
1784205837071,Front
1784205837104,Front
1784205837138,Front
1784205837171,Front
1784205837204,Front
1784205837238,Front
1784205837271,Front
1784205837304,Front
1784205837338,Front
1784205837371,Front
1784205837404,Front
1784205837438,Front
1784205837471,Front
1784205837504,Front
1784205837538,Front
1784205837571,Front
1784205837604,Front
1784205837638,Front
1784205837671,Front
1784205837704,Front
1784205837738,Front
1784205837771,Front
1784205837804,Front
1784205837838,Front
1784205836855,Back
1784205836889,Back
1784205836922,Back
1784205836955,Back
1784205836989,Back
1784205837022,Back
1784205837055,Back
1784205837089,Back
1784205837122,Back
1784205837155,Back
1784205837189,Back
1784205837222,Back
1784205837255,Back
1784205837289,Back
1784205837322,Back
1784205837355,Back
1784205837389,Back
1784205837422,Back
1784205837455,Back
1784205837489,Back
1784205837522,Back
1784205837555,Back
1784205837589,Back
1784205837622,Back
1784205837656,Back
1784205837689,Back
1784205837722,Back
1784205837756,Back
1784205837789,Back
1784205837822,Back
1784205837856,Back
1784205837871,Front
1784205837904,Front
1784205837938,Front
1784205837971,Front
1784205838004,Front
1784205838038,Front
1784205838071,Front
1784205838104,Front
1784205838138,Front
1784205838171,Front
1784205838204,Front
1784205838238,Front
1784205838271,Front
1784205838304,Front
1784205838338,Front
1784205838371,Front
1784205838404,Front
1784205838438,Front
1784205838471,Front
1784205838504,Front
1784205838538,Front
1784205838571,Front
1784205838604,Front
1784205838638,Front
1784205838671,Front
1784205838704,Front
1784205838738,Front
1784205838771,Front
1784205838804,Front
1784205838838,Front
1784205837889,Back
1784205837922,Back
1784205837956,Back
1784205837989,Back
1784205838022,Back
1784205838056,Back
1784205838089,Back
1784205838122,Back
1784205838156,Back
1784205838189,Back
1784205838222,Back
1784205838256,Back
1784205838289,Back
1784205838322,Back
1784205838356,Back
1784205838389,Back
1784205838422,Back
1784205838456,Back
1784205838489,Back
1784205838523,Back
1784205838556,Back
1784205838589,Back
1784205838623,Back
1784205838656,Back
1784205838689,Back
1784205838723,Back
1784205838756,Back
1784205838789,Back
1784205838823,Back
1784205838856,Back
1784205838871,Front
1784205838904,Front
1784205838938,Front
1784205838971,Front
1784205839004,Front
1784205839038,Front
1784205839071,Front
1784205839104,Front
1784205839138,Front
1784205839171,Front
1784205839204,Front
1784205839238,Front
1784205839271,Front
1784205839304,Front
1784205839338,Front
1784205839371,Front
1784205839404,Front
1784205839438,Front
1784205839471,Front
1784205839504,Front
1784205839538,Front
1784205839571,Front
1784205839604,Front
1784205839638,Front
1784205839671,Front
1784205839704,Front
1784205839738,Front
1784205839771,Front
1784205839804,Front
1784205839838,Front
1784205838889,Back
1784205838923,Back
1784205838956,Back
1784205838989,Back
1784205839023,Back
1784205839056,Back
1784205839089,Back
1784205839123,Back
1784205839156,Back
1784205839189,Back
1784205839223,Back
1784205839256,Back
1784205839289,Back
1784205839323,Back
1784205839356,Back
1784205839389,Back
1784205839423,Back
1784205839456,Back
1784205839490,Back
1784205839523,Back
1784205839556,Back
1784205839590,Back
1784205839623,Back
1784205839656,Back
1784205839690,Back
1784205839723,Back
1784205839756,Back
1784205839790,Back
1784205839823,Back
1784205839856,Back
1784205839871,Front
1784205839904,Front
1784205839938,Front
1784205839971,Front
1784205840004,Front
1784205840038,Front
1784205840071,Front
1784205840104,Front
1784205840138,Front
1784205840171,Front
1784205840204,Front
1784205840238,Front
1784205840271,Front
1784205840304,Front
1784205840338,Front
1784205840371,Front
1784205840404,Front
1784205840438,Front
1784205840471,Front
1784205840504,Front
1784205840538,Front
1784205840571,Front
1784205840604,Front
1784205840638,Front
1784205840671,Front
1784205840704,Front
1784205840738,Front
1784205840771,Front
1784205840804,Front
1784205840838,Front
1784205839890,Back
1784205839923,Back
1784205839956,Back
1784205839990,Back
1784205840023,Back
1784205840056,Back
1784205840090,Back
1784205840123,Back
1784205840156,Back
1784205840190,Back
1784205840223,Back
1784205840256,Back
1784205840290,Back
1784205840323,Back
1784205840357,Back
1784205840390,Back
1784205840423,Back
1784205840457,Back
1784205840490,Back
1784205840523,Back
1784205840557,Back
1784205840590,Back
1784205840623,Back
1784205840657,Back
1784205840690,Back
1784205840723,Back
1784205840757,Back
1784205840790,Back
1784205840823,Back
1784205840857,Back
1784205840871,Front
1784205840904,Front
1784205840938,Front
1784205840971,Front
1784205841004,Front
1784205841038,Front
1784205841071,Front
1784205841104,Front
1784205841138,Front
1784205841171,Front
1784205841204,Front
1784205841238,Front
1784205841271,Front
1784205841304,Front
1784205841338,Front
1784205841371,Front
1784205841404,Front
1784205841438,Front
1784205841471,Front
1784205841504,Front
1784205841538,Front
1784205841571,Front
1784205841604,Front
1784205841638,Front
1784205841671,Front
1784205841704,Front
1784205841738,Front
1784205841771,Front
1784205841804,Front
1784205841838,Front
1784205840890,Back
1784205840923,Back
1784205840957,Back
1784205840990,Back
1784205841023,Back
1784205841057,Back
1784205841090,Back
1784205841123,Back
1784205841157,Back
1784205841190,Back
1784205841223,Back
1784205841257,Back
1784205841290,Back
1784205841324,Back
1784205841357,Back
1784205841390,Back
1784205841424,Back
1784205841457,Back
1784205841490,Back
1784205841524,Back
1784205841557,Back
1784205841590,Back
1784205841624,Back
1784205841657,Back
1784205841690,Back
1784205841724,Back
1784205841757,Back
1784205841790,Back
1784205841824,Back
1784205841857,Back
1784205841871,Front
1784205841904,Front
1784205841938,Front
1784205841971,Front
1784205842004,Front
1784205842038,Front
1784205842071,Front
1784205842104,Front
1784205842138,Front
1784205842171,Front
1784205842204,Front
1784205842238,Front
1784205842271,Front
1784205842304,Front
1784205842338,Front
1784205842371,Front
1784205842404,Front
1784205842438,Front
1784205842471,Front
1784205842504,Front
1784205842538,Front
1784205842571,Front
1784205842604,Front
1784205842638,Front
1784205842671,Front
1784205842704,Front
1784205842738,Front
1784205842771,Front
1784205842804,Front
1784205842838,Front
1784205842871,Front
1784205841890,Back
1784205841924,Back
1784205841957,Back
1784205841990,Back
1784205842024,Back
1784205842057,Back
1784205842090,Back
1784205842124,Back
1784205842157,Back
1784205842191,Back
1784205842224,Back
1784205842257,Back
1784205842291,Back
1784205842324,Back
1784205842357,Back
1784205842391,Back
1784205842424,Back
1784205842457,Back
1784205842491,Back
1784205842524,Back
1784205842557,Back
1784205842591,Back
1784205842624,Back
1784205842657,Back
1784205842691,Back
1784205842724,Back
1784205842757,Back
1784205842791,Back
1784205842824,Back
1784205842857,Back
1784205842904,Front
1784205842938,Front
1784205842971,Front
1784205843004,Front
1784205843038,Front
1784205843071,Front
1784205843104,Front
1784205843138,Front
1784205843171,Front
1784205843204,Front
1784205843238,Front
1784205843271,Front
1784205843304,Front
1784205843338,Front
1784205843371,Front
1784205843404,Front
1784205843438,Front
1784205843471,Front
1784205843504,Front
1784205843538,Front
1784205843571,Front
1784205843604,Front
1784205843638,Front
1784205843671,Front
1784205843704,Front
1784205843738,Front
1784205843771,Front
1784205843804,Front
1784205843838,Front
1784205842891,Back
1784205842924,Back
1784205842957,Back
1784205842991,Back
1784205843024,Back
1784205843057,Back
1784205843091,Back
1784205843124,Back
1784205843158,Back
1784205843191,Back
1784205843224,Back
1784205843258,Back
1784205843291,Back
1784205843324,Back
1784205843358,Back
1784205843391,Back
1784205843424,Back
1784205843458,Back
1784205843491,Back
1784205843524,Back
1784205843558,Back
1784205843591,Back
1784205843624,Back
1784205843658,Back
1784205843691,Back
1784205843724,Back
1784205843758,Back
1784205843791,Back
1784205843824,Back
1784205843858,Back
1784205843871,Front
1784205843904,Front
1784205843938,Front
1784205843971,Front
1784205844004,Front
1784205844038,Front
1784205844071,Front
1784205844104,Front
1784205844138,Front
1784205844171,Front
1784205844204,Front
1784205844238,Front
1784205844271,Front
1784205844304,Front
1784205844338,Front
1784205844371,Front
1784205844404,Front
1784205844438,Front
1784205844471,Front
1784205844504,Front
1784205844538,Front
1784205844571,Front
1784205844604,Front
1784205844638,Front
1784205844671,Front
1784205844704,Front
1784205844738,Front
1784205844771,Front
1784205844804,Front
1784205844838,Front
1784205844871,Front
1784205843891,Back
1784205843924,Back
1784205843958,Back
1784205843991,Back
1784205844025,Back
1784205844058,Back
1784205844091,Back
1784205844125,Back
1784205844158,Back
1784205844191,Back
1784205844225,Back
1784205844258,Back
1784205844291,Back
1784205844325,Back
1784205844358,Back
1784205844391,Back
1784205844425,Back
1784205844458,Back
1784205844491,Back
1784205844525,Back
1784205844558,Back
1784205844591,Back
1784205844625,Back
1784205844658,Back
1784205844691,Back
1784205844725,Back
1784205844758,Back
1784205844791,Back
1784205844825,Back
1784205844858,Back
1784205844904,Front
1784205844938,Front
1784205844971,Front
1784205845004,Front
1784205845038,Front
1784205845071,Front
1784205845104,Front
1784205845138,Front
1784205845171,Front
1784205845204,Front
1784205845238,Front
1784205845271,Front
1784205845304,Front
1784205845338,Front
1784205845371,Front
1784205845404,Front
1784205845438,Front
1784205845471,Front
1784205845504,Front
1784205845538,Front
1784205845571,Front
1784205845604,Front
1784205845638,Front
1784205845671,Front
1784205845704,Front
1784205845738,Front
1784205845771,Front
1784205845804,Front
1784205845838,Front
1784205845871,Front
1784205844892,Back
1784205844925,Back
1784205844958,Back
1784205844992,Back
1784205845025,Back
1784205845058,Back
1784205845092,Back
1784205845125,Back
1784205845158,Back
1784205845192,Back
1784205845225,Back
1784205845258,Back
1784205845292,Back
1784205845325,Back
1784205845358,Back
1784205845392,Back
1784205845425,Back
1784205845458,Back
1784205845492,Back
1784205845525,Back
1784205845558,Back
1784205845592,Back
1784205845625,Back
1784205845658,Back
1784205845692,Back
1784205845725,Back
1784205845758,Back
1784205845792,Back
1784205845825,Back
1784205845859,Back
1784205845904,Front
1784205845938,Front
1784205845971,Front
1784205846004,Front
1784205846038,Front
1784205846071,Front
1784205846104,Front
1784205846138,Front
1784205846171,Front
1784205846204,Front
1784205846238,Front
1784205846271,Front
1784205846304,Front
1784205846338,Front
1784205846371,Front
1784205846404,Front
1784205846438,Front
1784205846471,Front
1784205846504,Front
1784205846538,Front
1784205846571,Front
1784205846604,Front
1784205846638,Front
1784205846671,Front
1784205846704,Front
1784205846738,Front
1784205846771,Front
1784205846804,Front
1784205846838,Front
1784205846871,Front
1784205845892,Back
1784205845925,Back
1784205845959,Back
1784205845992,Back
1784205846025,Back
1784205846059,Back
1784205846092,Back
1784205846125,Back
1784205846159,Back
1784205846192,Back
1784205846225,Back
1784205846259,Back
1784205846292,Back
1784205846325,Back
1784205846359,Back
1784205846392,Back
1784205846425,Back
1784205846459,Back
1784205846492,Back
1784205846525,Back
1784205846559,Back
1784205846592,Back
1784205846625,Back
1784205846659,Back
1784205846692,Back
1784205846726,Back
1784205846759,Back
1784205846792,Back
1784205846826,Back
1784205846859,Back
1784205846904,Front
1784205846938,Front
1784205846971,Front
1784205847004,Front
1784205847038,Front
1784205847071,Front
1784205847104,Front
1784205847138,Front
1784205847171,Front
1784205847204,Front
1784205847238,Front
1784205847271,Front
1784205847304,Front
1784205847338,Front
1784205847371,Front
1784205847404,Front
1784205847438,Front
1784205847471,Front
1784205847504,Front
1784205847538,Front
1784205847571,Front
1784205847604,Front
1784205847638,Front
1784205847671,Front
1784205847704,Front
1784205847738,Front
1784205847771,Front
1784205847804,Front
1784205847838,Front
1784205847871,Front
1784205846892,Back
1784205846926,Back
1784205846959,Back
1784205846992,Back
1784205847026,Back
1784205847059,Back
1784205847092,Back
1784205847126,Back
1784205847159,Back
1784205847192,Back
1784205847226,Back
1784205847259,Back
1784205847292,Back
1784205847326,Back
1784205847359,Back
1784205847392,Back
1784205847426,Back
1784205847459,Back
1784205847492,Back
1784205847526,Back
1784205847559,Back
1784205847592,Back
1784205847626,Back
1784205847659,Back
1784205847693,Back
1784205847726,Back
1784205847759,Back
1784205847793,Back
1784205847826,Back
1784205847859,Back
1784205847904,Front
1784205847938,Front
1784205847971,Front
1784205848004,Front
1784205848038,Front
1784205848071,Front
1784205848104,Front
1784205848138,Front
1784205848171,Front
1784205848204,Front
1784205848238,Front
1784205848271,Front
1784205848304,Front
1784205848338,Front
1784205848371,Front
1784205848404,Front
1784205848438,Front
1784205848471,Front
1784205848504,Front
1784205848538,Front
1784205848571,Front
1784205848604,Front
1784205848638,Front
1784205848671,Front
1784205848704,Front
1784205848738,Front
1784205848771,Front
1784205848804,Front
1784205848838,Front
1784205848871,Front
1784205847893,Back
1784205847926,Back
1784205847959,Back
1784205847993,Back
1784205848026,Back
1784205848059,Back
1784205848093,Back
1784205848126,Back
1784205848159,Back
1784205848193,Back
1784205848226,Back
1784205848259,Back
1784205848293,Back
1784205848326,Back
1784205848359,Back
1784205848393,Back
1784205848426,Back
1784205848459,Back
1784205848493,Back
1784205848526,Back
1784205848560,Back
1784205848593,Back
1784205848626,Back
1784205848660,Back
1784205848693,Back
1784205848726,Back
1784205848760,Back
1784205848793,Back
1784205848826,Back
1784205848860,Back
1784205848904,Front
1784205848938,Front
1784205848971,Front
1784205849004,Front
1784205849038,Front
1784205849071,Front
1784205849104,Front
1784205849138,Front
1784205849171,Front
1784205849204,Front
1784205849238,Front
1784205849271,Front
1784205849304,Front
1784205849338,Front
1784205849371,Front
1784205849404,Front
1784205849438,Front
1784205849471,Front
1784205849504,Front
1784205849538,Front
1784205849571,Front
1784205849604,Front
1784205849638,Front
1784205849671,Front
1784205849704,Front
1784205849738,Front
1784205849771,Front
1784205849804,Front
1784205849838,Front
1784205849871,Front
1784205848893,Back
1784205848926,Back
1784205848960,Back
1784205848993,Back
1784205849026,Back
1784205849060,Back
1784205849093,Back
1784205849126,Back
1784205849160,Back
1784205849193,Back
1784205849226,Back
1784205849260,Back
1784205849293,Back
1784205849326,Back
1784205849360,Back
1784205849393,Back
1784205849426,Back
1784205849460,Back
1784205849493,Back
1784205849527,Back
1784205849560,Back
1784205849593,Back
1784205849627,Back
1784205849660,Back
1784205849693,Back
1784205849727,Back
1784205849760,Back
1784205849793,Back
1784205849827,Back
1784205849860,Back
1784205849893,Back
1784205849904,Front
1784205849938,Front
1784205849971,Front
1784205850004,Front
1784205850038,Front
1784205850071,Front
1784205850104,Front
1784205850138,Front
1784205850171,Front
1784205850204,Front
1784205850238,Front
1784205850271,Front
1784205850304,Front
1784205850338,Front
1784205850371,Front
1784205850404,Front
1784205850438,Front
1784205850471,Front
1784205850504,Front
1784205850538,Front
1784205850571,Front
1784205850604,Front
1784205850638,Front
1784205850671,Front
1784205850704,Front
1784205850738,Front
1784205850771,Front
1784205850804,Front
1784205850838,Front
1784205850871,Front
1784205849927,Back
1784205849960,Back
1784205849993,Back
1784205850027,Back
1784205850060,Back
1784205850093,Back
1784205850127,Back
1784205850160,Back
1784205850193,Back
1784205850227,Back
1784205850260,Back
1784205850293,Back
1784205850327,Back
1784205850360,Back
1784205850394,Back
1784205850427,Back
1784205850460,Back
1784205850494,Back
1784205850527,Back
1784205850560,Back
1784205850594,Back
1784205850627,Back
1784205850660,Back
1784205850694,Back
1784205850727,Back
1784205850760,Back
1784205850794,Back
1784205850827,Back
1784205850860,Back
1784205850904,Front
1784205850938,Front
1784205850971,Front
1784205851004,Front
1784205851038,Front
1784205851071,Front
1784205851104,Front
1784205851138,Front
1784205851171,Front
1784205851204,Front
1784205851238,Front
1784205851271,Front
1784205851304,Front
1784205851338,Front
1784205851371,Front
1784205851404,Front
1784205851438,Front
1784205851471,Front
1784205851504,Front
1784205851538,Front
1784205851571,Front
1784205851604,Front
1784205851638,Front
1784205851671,Front
1784205851704,Front
1784205851738,Front
1784205851771,Front
1784205851804,Front
1784205851838,Front
1784205851871,Front
1784205850894,Back
1784205850927,Back
1784205850960,Back
1784205850994,Back
1784205851027,Back
1784205851060,Back
1784205851094,Back
1784205851127,Back
1784205851160,Back
1784205851194,Back
1784205851227,Back
1784205851260,Back
1784205851294,Back
1784205851327,Back
1784205851361,Back
1784205851394,Back
1784205851427,Back
1784205851461,Back
1784205851494,Back
1784205851527,Back
1784205851561,Back
1784205851594,Back
1784205851627,Back
1784205851661,Back
1784205851694,Back
1784205851727,Back
1784205851761,Back
1784205851794,Back
1784205851827,Back
1784205851861,Back
1784205851894,Back
1784205851904,Front
1784205851938,Front
1784205851971,Front
1784205852004,Front
1784205852038,Front
1784205852071,Front
1784205852104,Front
1784205852138,Front
1784205852171,Front
1784205852204,Front
1784205852238,Front
1784205852271,Front
1784205852304,Front
1784205852338,Front
1784205852371,Front
1784205852404,Front
1784205852438,Front
1784205852471,Front
1784205852504,Front
1784205852538,Front
1784205852571,Front
1784205852604,Front
1784205852638,Front
1784205852671,Front
1784205852704,Front
1784205852738,Front
1784205852771,Front
1784205852804,Front
1784205852838,Front
1784205852871,Front
1784205851927,Back
1784205851961,Back
1784205851994,Back
1784205852027,Back
1784205852061,Back
1784205852094,Back
1784205852127,Back
1784205852161,Back
1784205852194,Back
1784205852228,Back
1784205852261,Back
1784205852294,Back
1784205852328,Back
1784205852361,Back
1784205852394,Back
1784205852428,Back
1784205852461,Back
1784205852494,Back
1784205852528,Back
1784205852561,Back
1784205852594,Back
1784205852628,Back
1784205852661,Back
1784205852694,Back
1784205852728,Back
1784205852761,Back
1784205852794,Back
1784205852828,Back
1784205852861,Back
1784205852894,Back
1784205852904,Front
1784205852938,Front
1784205852971,Front
1784205853004,Front
1784205853038,Front
1784205853071,Front
1784205853104,Front
1784205853138,Front
1784205853171,Front
1784205853204,Front
1784205853238,Front
1784205853271,Front
1784205853304,Front
1784205853338,Front
1784205853371,Front
1784205853404,Front
1784205853438,Front
1784205853471,Front
1784205853504,Front
1784205853538,Front
1784205853571,Front
1784205853604,Front
1784205853638,Front
1784205853671,Front
1784205853704,Front
1784205853738,Front
1784205853771,Front
1784205853804,Front
1784205853838,Front
1784205853871,Front
1784205852928,Back
1784205852961,Back
1784205852994,Back
1784205853028,Back
1784205853061,Back
1784205853095,Back
1784205853128,Back
1784205853161,Back
1784205853195,Back
1784205853228,Back
1784205853261,Back
1784205853295,Back
1784205853328,Back
1784205853361,Back
1784205853395,Back
1784205853428,Back
1784205853461,Back
1784205853495,Back
1784205853528,Back
1784205853561,Back
1784205853595,Back
1784205853628,Back
1784205853661,Back
1784205853695,Back
1784205853728,Back
1784205853761,Back
1784205853795,Back
1784205853828,Back
1784205853861,Back
1784205853895,Back
1784205853904,Front
1784205853938,Front
1784205853971,Front
1784205854004,Front
1784205854038,Front
1784205854071,Front
1784205854104,Front
1784205854138,Front
1784205854171,Front
1784205854204,Front
1784205854238,Front
1784205854271,Front
1784205854304,Front
1784205854338,Front
1784205854371,Front
1784205854404,Front
1784205854438,Front
1784205854471,Front
1784205854504,Front
1784205854538,Front
1784205854571,Front
1784205854604,Front
1784205854638,Front
1784205854671,Front
1784205854704,Front
1784205854738,Front
1784205854771,Front
1784205854804,Front
1784205854838,Front
1784205854871,Front
1784205853928,Back
1784205853961,Back
1784205853995,Back
1784205854028,Back
1784205854062,Back
1784205854095,Back
1784205854128,Back
1784205854162,Back
1784205854195,Back
1784205854228,Back
1784205854262,Back
1784205854295,Back
1784205854328,Back
1784205854362,Back
1784205854395,Back
1784205854428,Back
1784205854462,Back
1784205854495,Back
1784205854528,Back
1784205854562,Back
1784205854595,Back
1784205854628,Back
1784205854662,Back
1784205854695,Back
1784205854728,Back
1784205854762,Back
1784205854795,Back
1784205854828,Back
1784205854862,Back
1784205854895,Back
1784205854904,Front
1784205854938,Front
1784205854971,Front
1784205855004,Front
1784205855038,Front
1784205855071,Front
1784205855104,Front
1784205855138,Front
1784205855171,Front
1784205855204,Front
1784205855238,Front
1784205855271,Front
1784205855304,Front
1784205855338,Front
1784205855371,Front
1784205855404,Front
1784205855438,Front
1784205855471,Front
1784205855504,Front
1784205855538,Front
1784205855571,Front
1784205855604,Front
1784205855638,Front
1784205855671,Front
1784205855704,Front
1784205855738,Front
1784205855771,Front
1784205855804,Front
1784205855838,Front
1784205855871,Front
1784205855904,Front
1784205854929,Back
1784205854962,Back
1784205854995,Back
1784205855029,Back
1784205855062,Back
1784205855095,Back
1784205855129,Back
1784205855162,Back
1784205855195,Back
1784205855229,Back
1784205855262,Back
1784205855295,Back
1784205855329,Back
1784205855362,Back
1784205855395,Back
1784205855429,Back
1784205855462,Back
1784205855495,Back
1784205855529,Back
1784205855562,Back
1784205855595,Back
1784205855629,Back
1784205855662,Back
1784205855695,Back
1784205855729,Back
1784205855762,Back
1784205855795,Back
1784205855829,Back
1784205855862,Back
1784205855896,Back
1784205855938,Front
1784205855971,Front
1784205856004,Front
1784205856038,Front
1784205856071,Front
1784205856104,Front
1784205856138,Front
1784205856171,Front
1784205856204,Front
1784205856238,Front
1784205856271,Front
1784205856304,Front
1784205856338,Front
1784205856371,Front
1784205856404,Front
1784205856438,Front
1784205856471,Front
1784205856504,Front
1784205856538,Front
1784205856571,Front
1784205856604,Front
1784205856638,Front
1784205856671,Front
1784205856704,Front
1784205856738,Front
1784205856771,Front
1784205856804,Front
1784205856838,Front
1784205856871,Front
1784205855929,Back
1784205855962,Back
1784205855996,Back
1784205856029,Back
1784205856062,Back
1784205856096,Back
1784205856129,Back
1784205856162,Back
1784205856196,Back
1784205856229,Back
1784205856262,Back
1784205856296,Back
1784205856329,Back
1784205856362,Back
1784205856396,Back
1784205856429,Back
1784205856462,Back
1784205856496,Back
1784205856529,Back
1784205856562,Back
1784205856596,Back
1784205856629,Back
1784205856662,Back
1784205856696,Back
1784205856729,Back
1784205856763,Back
1784205856796,Back
1784205856829,Back
1784205856863,Back
1784205856896,Back
1784205856904,Front
1784205856938,Front
1784205856971,Front
1784205857004,Front
1784205857038,Front
1784205857071,Front
1784205857104,Front
1784205857138,Front
1784205857171,Front
1784205857204,Front
1784205857238,Front
1784205857271,Front
1784205857304,Front
1784205857338,Front
1784205857371,Front
1784205857404,Front
1784205857438,Front
1784205857471,Front
1784205857504,Front
1784205857538,Front
1784205857571,Front
1784205857604,Front
1784205857638,Front
1784205857671,Front
1784205857704,Front
1784205857738,Front
1784205857771,Front
1784205857804,Front
1784205857838,Front
1784205857871,Front
1784205857904,Front
1784205856929,Back
1784205856963,Back
1784205856996,Back
1784205857029,Back
1784205857063,Back
1784205857096,Back
1784205857129,Back
1784205857163,Back
1784205857196,Back
1784205857229,Back
1784205857263,Back
1784205857296,Back
1784205857329,Back
1784205857363,Back
1784205857396,Back
1784205857429,Back
1784205857463,Back
1784205857496,Back
1784205857529,Back
1784205857563,Back
1784205857596,Back
1784205857629,Back
1784205857663,Back
1784205857696,Back
1784205857730,Back
1784205857763,Back
1784205857796,Back
1784205857830,Back
1784205857863,Back
1784205857896,Back
1784205857938,Front
1784205857971,Front
1784205858004,Front
1784205858038,Front
1784205858071,Front
1784205858104,Front
1784205858138,Front
1784205858171,Front
1784205858204,Front
1784205858238,Front
1784205858271,Front
1784205858304,Front
1784205858338,Front
1784205858371,Front
1784205858404,Front
1784205858438,Front
1784205858471,Front
1784205858504,Front
1784205858538,Front
1784205858571,Front
1784205858604,Front
1784205858638,Front
1784205858671,Front
1784205858704,Front
1784205858738,Front
1784205858771,Front
1784205858804,Front
1784205858838,Front
1784205858871,Front
1784205858904,Front
1784205857930,Back
1784205857963,Back
1784205857996,Back
1784205858030,Back
1784205858063,Back
1784205858096,Back
1784205858130,Back
1784205858163,Back
1784205858196,Back
1784205858230,Back
1784205858263,Back
1784205858296,Back
1784205858330,Back
1784205858363,Back
1784205858396,Back
1784205858430,Back
1784205858463,Back
1784205858496,Back
1784205858530,Back
1784205858563,Back
1784205858597,Back
1784205858630,Back
1784205858663,Back
1784205858697,Back
1784205858730,Back
1784205858763,Back
1784205858797,Back
1784205858830,Back
1784205858863,Back
1784205858897,Back
1784205858938,Front
1784205858971,Front
1784205859004,Front
1784205859038,Front
1784205859071,Front
1784205859104,Front
1784205859138,Front
1784205859171,Front
1784205859204,Front
1784205859238,Front
1784205859271,Front
1784205859304,Front
1784205859338,Front
1784205859371,Front
1784205859404,Front
1784205859438,Front
1784205859471,Front
1784205859504,Front
1784205859538,Front
1784205859571,Front
1784205859604,Front
1784205859638,Front
1784205859671,Front
1784205859704,Front
1784205859738,Front
1784205859771,Front
1784205859804,Front
1784205859838,Front
1784205859871,Front
1784205859904,Front
1784205858930,Back
1784205858963,Back
1784205858997,Back
1784205859030,Back
1784205859063,Back
1784205859097,Back
1784205859130,Back
1784205859163,Back
1784205859197,Back
1784205859230,Back
1784205859263,Back
1784205859297,Back
1784205859330,Back
1784205859363,Back
1784205859397,Back
1784205859430,Back
1784205859463,Back
1784205859497,Back
1784205859530,Back
1784205859564,Back
1784205859597,Back
1784205859630,Back
1784205859664,Back
1784205859697,Back
1784205859730,Back
1784205859764,Back
1784205859797,Back
1784205859830,Back
1784205859864,Back
1784205859897,Back
1784205859938,Front
1784205859971,Front
1784205860004,Front
1784205860038,Front
1784205860071,Front
1784205860104,Front
1784205860138,Front
1784205860171,Front
1784205860204,Front
1784205860238,Front
1784205860271,Front
1784205860304,Front
1784205860338,Front
1784205860371,Front
1784205860404,Front
1784205860438,Front
1784205860471,Front
1784205860504,Front
1784205860538,Front
1784205860571,Front
1784205860604,Front
1784205860638,Front
1784205860671,Front
1784205860704,Front
1784205860738,Front
1784205860771,Front
1784205860804,Front
1784205860838,Front
1784205860871,Front
1784205860904,Front
1784205859930,Back
1784205859964,Back
1784205859997,Back
1784205860030,Back
1784205860064,Back
1784205860097,Back
1784205860130,Back
1784205860164,Back
1784205860197,Back
1784205860230,Back
1784205860264,Back
1784205860297,Back
1784205860330,Back
1784205860364,Back
1784205860397,Back
1784205860431,Back
1784205860464,Back
1784205860497,Back
1784205860531,Back
1784205860564,Back
1784205860597,Back
1784205860631,Back
1784205860664,Back
1784205860697,Back
1784205860731,Back
1784205860764,Back
1784205860797,Back
1784205860831,Back
1784205860864,Back
1784205860897,Back
1784205860938,Front
1784205860971,Front
1784205861004,Front
1784205861038,Front
1784205861071,Front
1784205861104,Front
1784205861138,Front
1784205861171,Front
1784205861204,Front
1784205861238,Front
1784205861271,Front
1784205861304,Front
1784205861338,Front
1784205861371,Front
1784205861404,Front
1784205861438,Front
1784205861471,Front
1784205861504,Front
1784205861538,Front
1784205861571,Front
1784205861604,Front
1784205861638,Front
1784205861671,Front
1784205861704,Front
1784205861738,Front
1784205861771,Front
1784205861804,Front
1784205861838,Front
1784205861871,Front
1784205861904,Front
1784205860931,Back
1784205860964,Back
1784205860997,Back
1784205861031,Back
1784205861064,Back
1784205861097,Back
1784205861131,Back
1784205861164,Back
1784205861197,Back
1784205861231,Back
1784205861264,Back
1784205861297,Back
1784205861331,Back
1784205861364,Back
1784205861398,Back
1784205861431,Back
1784205861464,Back
1784205861498,Back
1784205861531,Back
1784205861564,Back
1784205861598,Back
1784205861631,Back
1784205861664,Back
1784205861698,Back
1784205861731,Back
1784205861764,Back
1784205861798,Back
1784205861831,Back
1784205861864,Back
1784205861898,Back
1784205861938,Front
1784205861971,Front
1784205862004,Front
1784205862038,Front
1784205862071,Front
1784205862104,Front
1784205862138,Front
1784205862171,Front
1784205862204,Front
1784205862238,Front
1784205862271,Front
1784205862304,Front
1784205862338,Front
1784205862371,Front
1784205862404,Front
1784205862438,Front
1784205862471,Front
1784205862504,Front
1784205862538,Front
1784205862571,Front
1784205862604,Front
1784205862638,Front
1784205862671,Front
1784205862704,Front
1784205862738,Front
1784205862771,Front
1784205862804,Front
1784205862838,Front
1784205862871,Front
1784205862904,Front
1784205861931,Back
1784205861964,Back
1784205861998,Back
1784205862031,Back
1784205862064,Back
1784205862098,Back
1784205862131,Back
1784205862164,Back
1784205862198,Back
1784205862231,Back
1784205862265,Back
1784205862298,Back
1784205862331,Back
1784205862365,Back
1784205862398,Back
1784205862431,Back
1784205862465,Back
1784205862498,Back
1784205862531,Back
1784205862565,Back
1784205862598,Back
1784205862631,Back
1784205862665,Back
1784205862698,Back
1784205862731,Back
1784205862765,Back
1784205862798,Back
1784205862831,Back
1784205862865,Back
1784205862898,Back
1784205862938,Front
1784205862971,Front
1784205863004,Front
1784205863038,Front
1784205863071,Front
1784205863104,Front
1784205863138,Front
1784205863171,Front
1784205863204,Front
1784205863238,Front
1784205863271,Front
1784205863304,Front
1784205863338,Front
1784205863371,Front
1784205863404,Front
1784205863438,Front
1784205863471,Front
1784205863504,Front
1784205863538,Front
1784205863571,Front
1784205863604,Front
1784205863638,Front
1784205863671,Front
1784205863704,Front
1784205863738,Front
1784205863771,Front
1784205863804,Front
1784205863838,Front
1784205863871,Front
1784205863904,Front
1784205862931,Back
1784205862965,Back
1784205862998,Back
1784205863031,Back
1784205863065,Back
1784205863098,Back
1784205863132,Back
1784205863165,Back
1784205863198,Back
1784205863232,Back
1784205863265,Back
1784205863298,Back
1784205863332,Back
1784205863365,Back
1784205863398,Back
1784205863432,Back
1784205863465,Back
1784205863498,Back
1784205863532,Back
1784205863565,Back
1784205863598,Back
1784205863632,Back
1784205863665,Back
1784205863698,Back
1784205863732,Back
1784205863765,Back
1784205863798,Back
1784205863832,Back
1784205863865,Back
1784205863898,Back
1784205863938,Front
1784205863971,Front
1784205864004,Front
1784205864038,Front
1784205864071,Front
1784205864104,Front
1784205864138,Front
1784205864171,Front
1784205864204,Front
1784205864238,Front
1784205864271,Front
1784205864304,Front
1784205864338,Front
1784205864371,Front
1784205864404,Front
1784205864438,Front
1784205864471,Front
1784205864504,Front
1784205864538,Front
1784205864571,Front
1784205864604,Front
1784205864638,Front
1784205864671,Front
1784205864704,Front
1784205864738,Front
1784205864771,Front
1784205864804,Front
1784205864838,Front
1784205864871,Front
1784205864904,Front
1784205863932,Back
1784205863965,Back
1784205863998,Back
1784205864032,Back
1784205864065,Back
1784205864099,Back
1784205864132,Back
1784205864165,Back
1784205864199,Back
1784205864232,Back
1784205864265,Back
1784205864299,Back
1784205864332,Back
1784205864365,Back
1784205864399,Back
1784205864432,Back
1784205864465,Back
1784205864499,Back
1784205864532,Back
1784205864565,Back
1784205864599,Back
1784205864632,Back
1784205864665,Back
1784205864699,Back
1784205864732,Back
1784205864765,Back
1784205864799,Back
1784205864832,Back
1784205864865,Back
1784205864899,Back
1784205864932,Back
1784205864938,Front
1784205864971,Front
1784205865004,Front
1784205865038,Front
1784205865071,Front
1784205865104,Front
1784205865138,Front
1784205865171,Front
1784205865204,Front
1784205865238,Front
1784205865271,Front
1784205865304,Front
1784205865338,Front
1784205865371,Front
1784205865404,Front
1784205865438,Front
1784205865471,Front
1784205865504,Front
1784205865538,Front
1784205865571,Front
1784205865604,Front
1784205865638,Front
1784205865671,Front
1784205865704,Front
1784205865738,Front
1784205865771,Front
1784205865804,Front
1784205865838,Front
1784205865871,Front
1784205865904,Front
1784205864966,Back
1784205864999,Back
1784205865032,Back
1784205865066,Back
1784205865099,Back
1784205865132,Back
1784205865166,Back
1784205865199,Back
1784205865232,Back
1784205865266,Back
1784205865299,Back
1784205865332,Back
1784205865366,Back
1784205865399,Back
1784205865432,Back
1784205865466,Back
1784205865499,Back
1784205865532,Back
1784205865566,Back
1784205865599,Back
1784205865632,Back
1784205865666,Back
1784205865699,Back
1784205865732,Back
1784205865766,Back
1784205865799,Back
1784205865832,Back
1784205865866,Back
1784205865899,Back
1784205865933,Back
1784205865938,Front
1784205865971,Front
1784205866004,Front
1784205866038,Front
1784205866071,Front
1784205866104,Front
1784205866138,Front
1784205866171,Front
1784205866204,Front
1784205866238,Front
1784205866271,Front
1784205866304,Front
1784205866338,Front
1784205866371,Front
1784205866404,Front
1784205866438,Front
1784205866471,Front
1784205866504,Front
1784205866538,Front
1784205866571,Front
1784205866604,Front
1784205866638,Front
1784205866671,Front
1784205866704,Front
1784205866738,Front
1784205866771,Front
1784205866804,Front
1784205866838,Front
1784205866871,Front
1784205866904,Front
1784205865966,Back
1784205865999,Back
1784205866033,Back
1784205866066,Back
1784205866099,Back
1784205866133,Back
1784205866166,Back
1784205866199,Back
1784205866233,Back
1784205866266,Back
1784205866299,Back
1784205866333,Back
1784205866366,Back
1784205866399,Back
1784205866433,Back
1784205866466,Back
1784205866499,Back
1784205866533,Back
1784205866566,Back
1784205866599,Back
1784205866633,Back
1784205866666,Back
1784205866699,Back
1784205866733,Back
1784205866766,Back
1784205866800,Back
1784205866833,Back
1784205866866,Back
1784205866900,Back
1784205866933,Back
1784205866938,Front
1784205866971,Front
1784205867004,Front
1784205867038,Front
1784205867071,Front
1784205867104,Front
1784205867138,Front
1784205867171,Front
1784205867204,Front
1784205867238,Front
1784205867271,Front
1784205867304,Front
1784205867338,Front
1784205867371,Front
1784205867404,Front
1784205867438,Front
1784205867471,Front
1784205867504,Front
1784205867538,Front
1784205867571,Front
1784205867604,Front
1784205867638,Front
1784205867671,Front
1784205867704,Front
1784205867738,Front
1784205867771,Front
1784205867804,Front
1784205867838,Front
1784205867871,Front
1784205867904,Front
1784205866966,Back
1784205867000,Back
1784205867033,Back
1784205867066,Back
1784205867100,Back
1784205867133,Back
1784205867166,Back
1784205867200,Back
1784205867233,Back
1784205867266,Back
1784205867300,Back
1784205867333,Back
1784205867366,Back
1784205867400,Back
1784205867433,Back
1784205867466,Back
1784205867500,Back
1784205867533,Back
1784205867566,Back
1784205867600,Back
1784205867633,Back
1784205867666,Back
1784205867700,Back
1784205867733,Back
1784205867767,Back
1784205867800,Back
1784205867833,Back
1784205867867,Back
1784205867900,Back
1784205867933,Back
1784205867938,Front
1784205867971,Front
1784205868004,Front
1784205868038,Front
1784205868071,Front
1784205868104,Front
1784205868138,Front
1784205868171,Front
1784205868204,Front
1784205868238,Front
1784205868271,Front
1784205868304,Front
1784205868338,Front
1784205868371,Front
1784205868404,Front
1784205868438,Front
1784205868471,Front
1784205868504,Front
1784205868538,Front
1784205868571,Front
1784205868604,Front
1784205868638,Front
1784205868671,Front
1784205868704,Front
1784205868738,Front
1784205868771,Front
1784205868804,Front
1784205868838,Front
1784205868871,Front
1784205868904,Front
1784205867967,Back
1784205868000,Back
1784205868033,Back
1784205868067,Back
1784205868100,Back
1784205868133,Back
1784205868167,Back
1784205868200,Back
1784205868233,Back
1784205868267,Back
1784205868300,Back
1784205868333,Back
1784205868367,Back
1784205868400,Back
1784205868433,Back
1784205868467,Back
1784205868500,Back
1784205868533,Back
1784205868567,Back
1784205868600,Back
1784205868634,Back
1784205868667,Back
1784205868700,Back
1784205868734,Back
1784205868767,Back
1784205868800,Back
1784205868834,Back
1784205868867,Back
1784205868900,Back
1784205868934,Back
1784205868938,Front
1784205868971,Front
1784205869004,Front
1784205869038,Front
1784205869071,Front
1784205869104,Front
1784205869138,Front
1784205869171,Front
1784205869204,Front
1784205869238,Front
1784205869271,Front
1784205869304,Front
1784205869338,Front
1784205869371,Front
1784205869404,Front
1784205869438,Front
1784205869471,Front
1784205869504,Front
1784205869538,Front
1784205869571,Front
1784205869604,Front
1784205869638,Front
1784205869671,Front
1784205869704,Front
1784205869738,Front
1784205869771,Front
1784205869804,Front
1784205869838,Front
1784205869871,Front
1784205869904,Front
1784205868967,Back
1784205869000,Back
1784205869034,Back
1784205869067,Back
1784205869100,Back
1784205869134,Back
1784205869167,Back
1784205869200,Back
1784205869234,Back
1784205869267,Back
1784205869300,Back
1784205869334,Back
1784205869367,Back
1784205869400,Back
1784205869434,Back
1784205869467,Back
1784205869500,Back
1784205869534,Back
1784205869567,Back
1784205869601,Back
1784205869634,Back
1784205869667,Back
1784205869701,Back
1784205869734,Back
1784205869767,Back
1784205869801,Back
1784205869834,Back
1784205869867,Back
1784205869901,Back
1784205869934,Back
1784205869938,Front
1784205869971,Front
1784205870004,Front
1784205870038,Front
1784205870071,Front
1784205870104,Front
1784205870138,Front
1784205870171,Front
1784205870204,Front
1784205870238,Front
1784205870271,Front
1784205870304,Front
1784205870338,Front
1784205870371,Front
1784205870404,Front
1784205870438,Front
1784205870471,Front
1784205870504,Front
1784205870538,Front
1784205870571,Front
1784205870604,Front
1784205870638,Front
1784205870671,Front
1784205870704,Front
1784205870738,Front
1784205870771,Front
1784205870804,Front
1784205870838,Front
1784205870871,Front
1784205870904,Front
1784205870938,Front
1784205869967,Back
1784205870001,Back
1784205870034,Back
1784205870067,Back
1784205870101,Back
1784205870134,Back
1784205870167,Back
1784205870201,Back
1784205870234,Back
1784205870267,Back
1784205870301,Back
1784205870334,Back
1784205870367,Back
1784205870401,Back
1784205870434,Back
1784205870468,Back
1784205870501,Back
1784205870534,Back
1784205870568,Back
1784205870601,Back
1784205870634,Back
1784205870668,Back
1784205870701,Back
1784205870734,Back
1784205870768,Back
1784205870801,Back
1784205870834,Back
1784205870868,Back
1784205870901,Back
1784205870934,Back
1784205870971,Front
1784205871004,Front
1784205871038,Front
1784205871071,Front
1784205871104,Front
1784205871138,Front
1784205871171,Front
1784205871204,Front
1784205871238,Front
1784205871271,Front
1784205871304,Front
1784205871338,Front
1784205871371,Front
1784205871404,Front
1784205871438,Front
1784205871471,Front
1784205871504,Front
1784205871538,Front
1784205871571,Front
1784205871604,Front
1784205871638,Front
1784205871671,Front
1784205871704,Front
1784205871738,Front
1784205871771,Front
1784205871804,Front
1784205871838,Front
1784205871871,Front
1784205871904,Front
1784205871938,Front
1784205870968,Back
1784205871001,Back
1784205871034,Back
1784205871068,Back
1784205871101,Back
1784205871134,Back
1784205871168,Back
1784205871201,Back
1784205871234,Back
1784205871268,Back
1784205871301,Back
1784205871334,Back
1784205871368,Back
1784205871401,Back
1784205871435,Back
1784205871468,Back
1784205871501,Back
1784205871535,Back
1784205871568,Back
1784205871601,Back
1784205871635,Back
1784205871668,Back
1784205871701,Back
1784205871735,Back
1784205871768,Back
1784205871801,Back
1784205871835,Back
1784205871868,Back
1784205871901,Back
1784205871935,Back
1784205871971,Front
1784205872004,Front
1784205872038,Front
1784205872071,Front
1784205872104,Front
1784205872138,Front
1784205872171,Front
1784205872204,Front
1784205872238,Front
1784205872271,Front
1784205872304,Front
1784205872338,Front
1784205872371,Front
1784205872404,Front
1784205872438,Front
1784205872471,Front
1784205872504,Front
1784205872538,Front
1784205872571,Front
1784205872604,Front
1784205872638,Front
1784205872671,Front
1784205872704,Front
1784205872738,Front
1784205872771,Front
1784205872804,Front
1784205872838,Front
1784205872871,Front
1784205872904,Front
1784205872938,Front
1784205871968,Back
1784205872001,Back
1784205872035,Back
1784205872068,Back
1784205872101,Back
1784205872135,Back
1784205872168,Back
1784205872201,Back
1784205872235,Back
1784205872268,Back
1784205872302,Back
1784205872335,Back
1784205872368,Back
1784205872402,Back
1784205872435,Back
1784205872468,Back
1784205872502,Back
1784205872535,Back
1784205872568,Back
1784205872602,Back
1784205872635,Back
1784205872668,Back
1784205872702,Back
1784205872735,Back
1784205872768,Back
1784205872802,Back
1784205872835,Back
1784205872868,Back
1784205872902,Back
1784205872935,Back
1784205872971,Front
1784205873004,Front
1784205873038,Front
1784205873071,Front
1784205873104,Front
1784205873138,Front
1784205873171,Front
1784205873204,Front
1784205873238,Front
1784205873271,Front
1784205873304,Front
1784205873338,Front
1784205873371,Front
1784205873404,Front
1784205873438,Front
1784205873471,Front
1784205873504,Front
1784205873538,Front
1784205873571,Front
1784205873604,Front
1784205873638,Front
1784205873671,Front
1784205873704,Front
1784205873738,Front
1784205873771,Front
1784205873804,Front
1784205873838,Front
1784205873871,Front
1784205873904,Front
1784205873938,Front
1784205872968,Back
1784205873002,Back
1784205873035,Back
1784205873068,Back
1784205873102,Back
1784205873135,Back
1784205873169,Back
1784205873202,Back
1784205873235,Back
1784205873269,Back
1784205873302,Back
1784205873335,Back
1784205873369,Back
1784205873402,Back
1784205873435,Back
1784205873469,Back
1784205873502,Back
1784205873535,Back
1784205873569,Back
1784205873602,Back
1784205873635,Back
1784205873669,Back
1784205873702,Back
1784205873735,Back
1784205873769,Back
1784205873802,Back
1784205873835,Back
1784205873869,Back
1784205873902,Back
1784205873935,Back
1784205873971,Front
1784205874004,Front
1784205874038,Front
1784205874071,Front
1784205874104,Front
1784205874138,Front
1784205874171,Front
1784205874204,Front
1784205874238,Front
1784205874271,Front
1784205874304,Front
1784205874338,Front
1784205874371,Front
1784205874404,Front
1784205874438,Front
1784205874471,Front
1784205874504,Front
1784205874538,Front
1784205874571,Front
1784205874604,Front
1784205874638,Front
1784205874671,Front
1784205874704,Front
1784205874738,Front
1784205874771,Front
1784205874804,Front
1784205874838,Front
1784205874871,Front
1784205874904,Front
1784205874938,Front
1784205873969,Back
1784205874002,Back
1784205874035,Back
1784205874069,Back
1784205874102,Back
1784205874136,Back
1784205874169,Back
1784205874202,Back
1784205874236,Back
1784205874269,Back
1784205874302,Back
1784205874336,Back
1784205874369,Back
1784205874402,Back
1784205874436,Back
1784205874469,Back
1784205874502,Back
1784205874536,Back
1784205874569,Back
1784205874602,Back
1784205874636,Back
1784205874669,Back
1784205874702,Back
1784205874736,Back
1784205874769,Back
1784205874802,Back
1784205874836,Back
1784205874869,Back
1784205874902,Back
1784205874936,Back
1784205874971,Front
1784205875004,Front
1784205875038,Front
1784205875071,Front
1784205875104,Front
1784205875138,Front
1784205875171,Front
1784205875204,Front
1784205875238,Front
1784205875271,Front
1784205875304,Front
1784205875338,Front
1784205875371,Front
1784205875404,Front
1784205875438,Front
1784205875471,Front
1784205875504,Front
1784205875538,Front
1784205875571,Front
1784205875604,Front
1784205875638,Front
1784205875671,Front
1784205875704,Front
1784205875738,Front
1784205875771,Front
1784205875804,Front
1784205875838,Front
1784205875871,Front
1784205875904,Front
1784205875938,Front
1784205874969,Back
1784205875003,Back
1784205875036,Back
1784205875069,Back
1784205875103,Back
1784205875136,Back
1784205875169,Back
1784205875203,Back
1784205875236,Back
1784205875269,Back
1784205875303,Back
1784205875336,Back
1784205875369,Back
1784205875403,Back
1784205875436,Back
1784205875469,Back
1784205875503,Back
1784205875536,Back
1784205875569,Back
1784205875603,Back
1784205875636,Back
1784205875669,Back
1784205875703,Back
1784205875736,Back
1784205875769,Back
1784205875803,Back
1784205875836,Back
1784205875869,Back
1784205875903,Back
1784205875936,Back
1784205875971,Front
1784205876004,Front
1784205876038,Front
1784205876071,Front
1784205876104,Front
1784205876138,Front
1784205876171,Front
1784205876204,Front
1784205876238,Front
1784205876271,Front
1784205876304,Front
1784205876338,Front
1784205876371,Front
1784205876404,Front
1784205875970,Back
1784205876003,Back
1784205876036,Back
1784205876070,Back
1784205876103,Back
1784205876136,Back
1784205876170,Back
1784205876203,Back
1784205876236,Back
1784205876270,Back
1784205876303,Back
1784205876336,Back
1784205876370,Back
1784205876403,Back
